URL,id,openDoarId,name,email,uri,homepageUrl,source,software,metadataFormat,createdDate,location,logo,type,stats,contains_software_set,Num_sw_records,Error,Manual_Num_sw_records,Category,Notes
aura.abdn.ac.uk/dspace-oai/request,1.0,1767.0,Aberdeen University Research Archive,aura.deposit@abdn.ac.uk,,http://aura.abdn.ac.uk,,dspace,oai_dc,2011-05-06T00:00:00+01:00,"{'countryCode': 'GB', 'latitude': 57.165, 'longitude': -2.0991}",https://api.core.ac.uk/data-providers/1/logo,REPOSITORY,,No,0.0,No error,,,
publications.aston.ac.uk/cgi/oai2,7.0,1552.0,Aston Publications Explorer,openaccess@aston.ac.uk,,http://publications.aston.ac.uk,,eprints,rioxx,2011-05-12T18:06:54+01:00,"{'countryCode': 'GB', 'latitude': 52.4862, 'longitude': -1.8896}",https://api.core.ac.uk/data-providers/7/logo,REPOSITORY,,No,0.0,BadVerbError,0.0,No direct software search capability,No software search item
cedadocs.badc.rl.ac.uk/cgi/oai2,16.0,1395.0,CEDA Repository,,,http://cedadocs.badc.rl.ac.uk,,eprints,oai_dc,2011-05-11T09:13:00+01:00,"{'countryCode': 'GB', 'latitude': 51.5668, 'longitude': -1.786}",https://api.core.ac.uk/data-providers/16/logo,REPOSITORY,,No sets,0.0,BadVerbError,0.0,No direct software search capability,No software search item
clok.uclan.ac.uk/cgi/oai2,18.0,,CLoK,clok@uclan.ac.uk,,http://clok.uclan.ac.uk,,eprints,rioxx,2011-05-10T19:54:34+01:00,"{'countryCode': 'GB', 'latitude': 53.7613, 'longitude': -2.7074}",https://api.core.ac.uk/data-providers/18/logo,REPOSITORY,,No,0.0,No error,,,
research.bangor.ac.uk/ws/oai,28.0,1523.0,Bangor University Research Portal,repository@bangor.ac.uk,,https://research.bangor.ac.uk/portal/en/researchoutputs,,dspace,oai_dc,2011-05-13T08:41:29+01:00,"{'countryCode': 'GB', 'latitude': 53.2185, 'longitude': -4.1546}",https://api.core.ac.uk/data-providers/28/logo,REPOSITORY,,No,0.0,Bad Argument Error,,,
era.ed.ac.uk/dspace-oai/request,39.0,463.0,Edinburgh Research Archive,scholcomms@ed.ac.uk,,https://era.ed.ac.uk/,,dspace,oai_dc,2011-05-13T09:01:31+01:00,"{'countryCode': 'gb', 'latitude': 55.95, 'longitude': -3.2}",https://api.core.ac.uk/data-providers/39/logo,REPOSITORY,,No,0.0,No error,,,
dspace1.isd.glam.ac.uk/dspace-oai/request,46.0,1021.0,Glamorgan Dspace,,,http://dspace1.isd.glam.ac.uk,,dspace,oai_dc,2011-07-07T17:04:51+01:00,"{'countryCode': 'GB', 'latitude': 51.58874, 'longitude': -3.32578}",https://api.core.ac.uk/data-providers/46/logo,REPOSITORY,,,,,,,
glyndwr.repository.guildhe.ac.uk/cgi/oai2,49.0,1603.0,Glyndŵr University Research Online,repository@glyndwr.ac.uk,,https://glyndwr.repository.guildhe.ac.uk/,,Eprints 3,rioxx,2011-05-12T20:43:39+01:00,"{'countryCode': 'GB', 'latitude': 53.053, 'longitude': -3.0056}",https://api.core.ac.uk/data-providers/49/logo,REPOSITORY,,No,0.0,No error,,,
eprints.lse.ac.uk/cgi/oai2,67.0,,LSE Research Online,lseresearchonline@lse.ac.uk,,http://eprints.lse.ac.uk,,eprints,oai_dc,2011-05-14T22:11:30+01:00,"{'countryCode': 'gb', 'latitude': 51.5144, 'longitude': -0.116893}",https://api.core.ac.uk/data-providers/67/logo,REPOSITORY,,No,0.0,No error,,,
eprints.mdx.ac.uk/cgi/oai2,71.0,,Middlesex University Research Repository,eprints@mdx.ac.uk,,http://eprints.mdx.ac.uk,,eprints,rioxx,2011-07-07T16:03:34+01:00,"{'countryCode': 'gb', 'latitude': 51.5, 'longitude': -0.1167}",https://api.core.ac.uk/data-providers/71/logo,REPOSITORY,,No,0.0,BadVerbError,0.0,No direct software search capability,No software search item
eprints.ma.man.ac.uk/perl/oai2,72.0,,MIMS EPrints,,,http://eprints.ma.man.ac.uk,,eprints,oai_dc,2011-06-01T14:53:01+01:00,"{'countryCode': 'gb', 'latitude': 53.5, 'longitude': -2.2167}",https://api.core.ac.uk/data-providers/72/logo,REPOSITORY,,No sets,0.0,BadVerbError,0.0,No direct software search capability,No software search item
research-repository.st-andrews.ac.uk/dspace-oai/request,95.0,901.0,St Andrews Research Repository,open-access-support@st-andrews.ac.uk,,http://research-repository.st-andrews.ac.uk,,dspace,oai_dc,2011-07-07T16:11:00+01:00,"{'countryCode': 'GB', 'latitude': 56.34214, 'longitude': -2.79637}",https://api.core.ac.uk/data-providers/95/logo,REPOSITORY,,No,0.0,No error,,,
pure.roehampton.ac.uk/ws/oai,97.0,886.0,Roehampton University Research Repository,a.pietsch@roehampton.ac.uk,,http://roehampton.openrepository.com,,,oai_dc,2011-07-07T16:11:00+01:00,"{'countryCode': 'GB', 'latitude': 51.45719, 'longitude': -0.24292}",https://api.core.ac.uk/data-providers/97/logo,REPOSITORY,,No,0.0,Bad Argument Error,,,
dspace.stir.ac.uk/oai/request,107.0,,Stirling Online Research Repository,library@stir.ac.uk,,https://dspace.stir.ac.uk,,dspace,oai_dc,2011-07-07T16:11:06+01:00,"{'countryCode': 'gb', 'latitude': 56.1194, 'longitude': -3.93588}",https://api.core.ac.uk/data-providers/107/logo,REPOSITORY,,No,0.0,No error,,,
repository.tavistockandportman.ac.uk/cgi/oai2,111.0,2039.0,Tavistock and Portman E-Prints Online,,,http://repository.tavistockandportman.ac.uk,,eprints,oai_dc,2011-05-14T10:43:37+01:00,"{'countryCode': 'GB', 'latitude': 51.5469, 'longitude': 0.1754}",https://api.core.ac.uk/data-providers/111/logo,REPOSITORY,,No,0.0,No error,,,
www.tlrp.org/dspace-oai/request,112.0,,Teaching &amp; Learning Research Programme Publications,,,http://www.tlrp.org,,dspace,oai_dc,2011-05-14T10:35:26+01:00,"{'countryCode': 'gb', 'latitude': 52.208, 'longitude': 0.122374}",https://api.core.ac.uk/data-providers/112/logo,REPOSITORY,,,,,,,
naca.central.cranfield.ac.uk/cgi-bin/nph-oai.cgi,115.0,,MAGiC ARC Repository,,,http://naca.central.cranfield.ac.uk,,,oai_dc,2011-07-07T16:12:10+01:00,"{'countryCode': 'gb', 'latitude': None, 'longitude': None}",https://api.core.ac.uk/data-providers/115/logo,REPOSITORY,,,,,,,
etheses.bham.ac.uk/cgi/oai2,121.0,1069.0,"University of Birmingham Research Archive, E-theses Repository",S.Atkins.1@bham.ac.uk,,https://etheses.bham.ac.uk,,eprints,oai_dc,2011-05-15T13:23:14+01:00,"{'countryCode': 'GB', 'latitude': 52.44899, 'longitude': -1.93085}",https://api.core.ac.uk/data-providers/121/logo,REPOSITORY,,No,0.0,No error,,,
ueaeprints.uea.ac.uk/cgi/oai2,124.0,1366.0,University of East Anglia digital repository,uea.digital.repository@uea.ac.uk,,https://ueaeprints.uea.ac.uk,,eprints,oai_dc,2011-07-07T16:13:07+01:00,"{'countryCode': 'GB', 'latitude': 52.6231, 'longitude': 1.2397}",https://api.core.ac.uk/data-providers/124/logo,REPOSITORY,,Yes,1.0,No error,,,
uhra.herts.ac.uk/oai/request,125.0,,University of Hertfordshire Research Archive,dspace@herts.ac.uk,,http://uhra.herts.ac.uk,,dspace,oai_dc,2011-07-07T16:13:07+01:00,"{'countryCode': 'gb', 'latitude': 51.75, 'longitude': -0.3333}",https://api.core.ac.uk/data-providers/125/logo,REPOSITORY,,No,0.0,No error,,,
eprints.lincoln.ac.uk/cgi/oai2,128.0,,University of Lincoln Institutional Repository,eprints@lincoln.ac.uk,,http://eprints.lincoln.ac.uk,,eprints,oai_dc,2011-07-05T16:04:35+01:00,"{'countryCode': 'gb', 'latitude': 53.2333, 'longitude': -0.5333}",https://api.core.ac.uk/data-providers/128/logo,REPOSITORY,,No,0.0,No error,,,
westminsterresearch.westminster.ac.uk/oai2,138.0,936.0,WestminsterResearch,repository@westminster.ac.uk,,https://westminsterresearch.westminster.ac.uk/,,haplo,rioxx,2011-07-05T10:19:45+01:00,"{'countryCode': 'GB', 'latitude': 51.521, 'longitude': -0.1403}",https://api.core.ac.uk/data-providers/138/logo,REPOSITORY,,No,0.0,OAI XML Syntax error,,,
etheses.whiterose.ac.uk/cgi/oai2,139.0,1407.0,White Rose E-theses Online,etheses@whiterose.ac.uk,,http://etheses.whiterose.ac.uk,,eprints,oai_dc,2011-07-04T16:54:46+01:00,"{'countryCode': 'GB', 'latitude': 53.80849, 'longitude': -1.5528}",https://api.core.ac.uk/data-providers/139/logo,REPOSITORY,,No,0.0,BadVerbError,0.0,No direct software search capability,No software search item
etheses.whiterose.ac.uk/cgi/oai2,139.0,1407.0,White Rose E-theses Online,etheses@whiterose.ac.uk,,http://etheses.whiterose.ac.uk,,eprints,oai_dc,2011-07-04T16:54:46+01:00,"{'countryCode': 'GB', 'latitude': 53.80849, 'longitude': -1.5528}",https://api.core.ac.uk/data-providers/139/logo,REPOSITORY,,No,0.0,BadVerbError,0.0,No direct software search capability,No software search item
eprints.whiterose.ac.uk/cgi/oai2,140.0,,White Rose Research Online,eprints@whiterose.ac.uk,,http://eprints.whiterose.ac.uk,,eprints,rioxx,2011-05-22T16:37:21+01:00,"{'countryCode': 'gb', 'latitude': 53.9477, 'longitude': -1.04984}",https://api.core.ac.uk/data-providers/140/logo,REPOSITORY,,No,0.0,BadVerbError,0.0,No direct software search capability,No software search item
researchonline.lshtm.ac.uk/cgi/oai2,147.0,2377.0,LSHTM Research Online,researchonline@lshtm.ac.uk,,https://researchonline.lshtm.ac.uk,,eprints,rioxx,2012-04-26T10:38:12+01:00,"{'countryCode': 'GB', 'latitude': 51.5081, 'longitude': -0.128}",https://api.core.ac.uk/data-providers/147/logo,REPOSITORY,,No,0.0,No error,,,
crco.cssd.ac.uk/cgi/oai2/,353.0,2699.0,Central Research and Creativity Online - Royal Central School of Speech and Drama,,,http://crco.cssd.ac.uk,,eprints,oai_dc,2013-07-10T12:57:54+01:00,"{'countryCode': 'GB', 'latitude': 51.5443, 'longitude': -0.1742}",https://api.core.ac.uk/data-providers/353/logo,REPOSITORY,,No,0.0,No error,,,
archive.lstmed.ac.uk/cgi/oai2,354.0,2698.0,LSTM Online Archive,library@lstmed.ac.uk,,https://archive.lstmed.ac.uk/,,eprints,rioxx,2013-07-10T13:01:30+01:00,"{'countryCode': 'GB', 'latitude': 53.4086, 'longitude': -2.9691}",https://api.core.ac.uk/data-providers/354/logo,REPOSITORY,,No,0.0,No error,,,
researchonline.rca.ac.uk/cgi/oai2,505.0,2568.0,Royal College of Art Research Repository,repository@rca.ac.uk,,http://researchonline.rca.ac.uk,,eprints,oai_dc,2013-08-06T16:25:58+01:00,"{'countryCode': 'GB', 'latitude': 51.5014, 'longitude': -0.1785}",https://api.core.ac.uk/data-providers/505/logo,REPOSITORY,,No,0.0,BadVerbError,0.0,No direct software search capability,No software search item
opendocs.ids.ac.uk/oai/request,603.0,2319.0,IDS OpenDocs,,,http://opendocs.ids.ac.uk,,,oai_dc,2013-09-06T14:35:29+01:00,"{'countryCode': 'GB', 'latitude': 50.866, 'longitude': -0.0901}",https://api.core.ac.uk/data-providers/603/logo,REPOSITORY,,No,0.0,No error,,,
qmro.qmul.ac.uk/oai/request,619.0,2185.0,Queen Mary Research Online,scholarlycommunications@qmul.ac.uk,,https://qmro.qmul.ac.uk,,,oai_dc,2013-11-19T12:58:03+00:00,"{'countryCode': 'GB', 'latitude': 51.5238, 'longitude': 0.0399}",https://api.core.ac.uk/data-providers/619/logo,REPOSITORY,,No,0.0,No error,,,
sprite.bolton.ac.uk/cgi/oai2,623.0,1156.0,University of Bolton Institutional Repository,ubir@bolton.ac.uk,,http://sprite.bolton.ac.uk,,,oai_dc,2014-03-03T17:06:54+00:00,"{'countryCode': 'GB', 'latitude': 53.5735, 'longitude': -2.4364}",https://api.core.ac.uk/data-providers/623/logo,REPOSITORY,,No,0.0,No error,,,
www.pure.ed.ac.uk/ws/oai,647.0,,Edinburgh Research Explorer,scholcomms@ed.ac.uk,,https://www.pure.ed.ac.uk,,,oai_dc,2015-01-20T19:48:34+00:00,"{'countryCode': 'GB', 'latitude': 55.953252, 'longitude': -3.188266}",https://api.core.ac.uk/data-providers/647/logo,REPOSITORY,,No,0.0,Bad Argument Error,,,
publications.eng.cam.ac.uk/cgi/oai2,653.0,,CUED - Cambridge University Engineering Department,,,http://publications.eng.cam.ac.uk,,eprints,oai_dc,2015-01-20T12:19:15+00:00,"{'countryCode': 'GB', 'latitude': 52.204266, 'longitude': 0.1149084}",https://api.core.ac.uk/data-providers/653/logo,REPOSITORY,,No sets,0.0,URL error,,,
pureapps2.hw.ac.uk/ws/oai,658.0,,Heriot Watt Pure,ros@hw.ac.uk,,https://researchportal.hw.ac.uk/,,,oai_dc,2015-01-27T18:27:19+00:00,"{'countryCode': 'GB', 'latitude': 55.909305, 'longitude': -3.319954}",https://api.core.ac.uk/data-providers/658/logo,REPOSITORY,,No sets,0.0,BadVerbError,0.0,Cannot access,Needs registration
pure.royalholloway.ac.uk/ws/oai,661.0,,Royal Holloway - Pure,openaccess@royalholloway.ac.uk,,https://pure.royalholloway.ac.uk,,,oai_dc,2015-01-28T18:20:36+00:00,"{'countryCode': 'GB', 'latitude': 51.425673, 'longitude': -0.563062}",https://api.core.ac.uk/data-providers/661/logo,REPOSITORY,,No sets,0.0,URL error,,,
derby.openrepository.com/derby/-oai/request,1038.0,2236.0,UDORA - University of Derby Online Research Archive,UDORA@derby.ac.uk,,https://derby.openrepository.com,,dspace,oai_dc,2016-09-16T10:24:49+01:00,"{'countryCode': 'GB', 'latitude': 52.92253, 'longitude': -1.474618}",https://api.core.ac.uk/data-providers/1038/logo,REPOSITORY,,No,0.0,No error,,,
ecommons.aku.edu/do/oai/,1396.0,,eCommons@AKU,,,http://ecommons.aku.edu,,,oai_dc,2016-11-08T12:28:53+00:00,"{'countryCode': 'gb', 'latitude': 51.5074, 'longitude': -0.1278}",https://api.core.ac.uk/data-providers/1396/logo,REPOSITORY,,No,,,,,
shurda.shu.ac.uk/cgi/oai2,2175.0,3503.0,Sheffield Hallam University Research Data Archive,,,http://shurda.shu.ac.uk,,,oai_dc,2016-11-08T12:29:01+00:00,"{'countryCode': 'GB', 'latitude': 53.38008, 'longitude': -1.46535}",https://api.core.ac.uk/data-providers/2175/logo,REPOSITORY,,No,0.0,No error,,,
dspace.stir.ac.uk/oai/rioxx,10883.0,,Stirling Online Research Repository (RIOXX),,,https://dspace.stir.ac.uk,,dspace,rioxx,2019-07-19T00:00:00+01:00,"{'countryCode': 'GB', 'latitude': 56.1453567, 'longitude': -3.9205492}",https://api.core.ac.uk/data-providers/10883/logo,REPOSITORY,,No,0.0,No error,,,
pure.sruc.ac.uk/ws/oai,11613.0,,SRUC - Scotland's Rural College,puresupport@sruc.ac.uk,,ttps://pure.sruc.ac.uk/,,Pure,oai_dc,2019-09-19T13:34:06+01:00,"{'countryCode': 'GB', 'latitude': 55.4578372, 'longitude': -4.614684899999929}",https://api.core.ac.uk/data-providers/11613/logo,REPOSITORY,,No,0.0,Bad Argument Error,,,
pops.uclan.ac.uk/index.php/index/oai,12138.0,,UCLan Open Journals (University of Central Lancashire),,,http://pops.uclan.ac.uk,,OJS,oai_dc,2019-09-23T00:00:00+01:00,"{'countryCode': 'GB', 'latitude': None, 'longitude': None}",https://api.core.ac.uk/data-providers/12138/logo,JOURNAL,,No,0.0,No error,,,
specialcollections.le.ac.uk/oai/oai.php,12143.0,,University of Leicester: Special Collections Online,,,http://specialcollections.le.ac.uk,,ContentDM,oai_dc,2019-09-23T00:00:00+01:00,"{'countryCode': 'GB', 'latitude': 42.238106, 'longitude': -71.916422}",https://api.core.ac.uk/data-providers/12143/logo,REPOSITORY,,No,0.0,BadVerbError,0.0,Not a standard research output repo,Special records for Leicester
ramscholar.dspace-express.com/oai/openaire,12923.0,,Albany State University: Open Repository Ram Scholar,,,https://ramscholar.dspace-express.com,,DSpace XOAI,oai_dc,2019-09-23T00:00:00+01:00,"{'countryCode': 'GB', 'latitude': 31.569222, 'longitude': -84.140379}",https://api.core.ac.uk/data-providers/12923/logo,REPOSITORY,,,,,,,
archive.researchdata.leeds.ac.uk/cgi/oai2,13136.0,,Research Data Leeds Repository (University of Leeds),,,http://archive.researchdata.leeds.ac.uk,,Eprints 3,oai_dc,2019-09-23T00:00:00+01:00,"{'countryCode': 'GB', 'latitude': 53.808005, 'longitude': -1.553456}",https://api.core.ac.uk/data-providers/13136/logo,REPOSITORY,,No,0.0,BadVerbError,0.0,Not a standard research output repo,Leeds Dataset Repo
journals.le.ac.uk/ojs1/index.php/index/oai,13158.0,,University of Leicester Open Journals,,,https://journals.le.ac.uk,,OJS,oai_dc,2019-09-23T00:00:00+01:00,"{'countryCode': 'GB', 'latitude': None, 'longitude': None}",https://api.core.ac.uk/data-providers/13158/logo,JOURNAL,,No,0.0,No error,,,
cdm15979.contentdm.oclc.org/oai/oai.php,13293.0,,Queen’s University Belfast: Special Collections & Archives,,,https://cdm15979.contentdm.oclc.org,,ContentDM,oai_dc,2019-09-23T00:00:00+01:00,"{'countryCode': 'GB', 'latitude': None, 'longitude': None}",https://api.core.ac.uk/data-providers/13293/logo,REPOSITORY,,No,,,,,
newman.repository.guildhe.ac.uk/cgi/oai2,13324.0,7553.0,Newman University Repository,,,https://newman.repository.guildhe.ac.uk/,,Eprints 3,oai_dc,2019-09-23T00:00:00+01:00,"{'countryCode': 'GB', 'latitude': 37.673508, 'longitude': -97.377744}",https://api.core.ac.uk/data-providers/13324/logo,REPOSITORY,,No,0.0,No error,,,
jl4d.org/index.php/ejl4d/oai,13792.0,,Journal of Learning for Development - JL4D,,,https://jl4d.org,,OJS,oai_dc,2019-09-23T00:00:00+01:00,"{'countryCode': 'GB', 'latitude': None, 'longitude': None}",https://api.core.ac.uk/data-providers/13792/logo,JOURNAL,,,,,,,
journals.sfu.ca/vm/index.php/vm/oai,14113.0,,Visual Methodologies (VM - E-Journal),,,http://journals.sfu.ca,,OJS,oai_dc,2019-09-23T00:00:00+01:00,"{'countryCode': 'GB', 'latitude': None, 'longitude': None}",https://api.core.ac.uk/data-providers/14113/logo,JOURNAL,,No,0.0,BadVerbError,,,
www.ojs.excelingtech.co.uk/index.php/index/oai,14255.0,,ExcelingTech Publishing Company (E-Journals),,,http://www.ojs.excelingtech.co.uk,,OJS,oai_dc,2019-09-23T00:00:00+01:00,"{'countryCode': 'GB', 'latitude': None, 'longitude': None}",https://api.core.ac.uk/data-providers/14255/logo,JOURNAL,,,,,,,
pure.solent.ac.uk/ws/oai,14910.0,9451.0,Solent University Research Portal,,,https://pure.solent.ac.uk/,,,oai_dc,2019-12-02T00:11:09+00:00,"{'countryCode': 'gb', 'latitude': 50.908, 'longitude': -1.401}",https://api.core.ac.uk/data-providers/14910/logo,REPOSITORY,,No,0.0,Bad Argument Error,,,
orda.shef.ac.uk/,14955.0,9469.0,Online Research Data,,,,,,oai_dc,2020-01-06T00:03:16+00:00,"{'countryCode': 'gb', 'latitude': 53.3836, 'longitude': -1.4879}",https://api.core.ac.uk/data-providers/14955/logo,REPOSITORY,,,,,,,
gspjournals.com/ijrebs/index.php/ijrebs/oai,21101.0,,International Journal of Research in Entrepreneurship & Business Studies,,,https://gspjournals.com/ijrebs/index.php/ijrebs/index,,,oai_dc,2021-02-08T10:58:11+00:00,"{'countryCode': 'GB', 'latitude': 53.4920304, 'longitude': -2.2408619}",https://api.core.ac.uk/data-providers/21101/logo,REPOSITORY,,,,,,,
oro.open.ac.uk/cgi/oai2,86.0,,Open Research Online,library-research-support@open.ac.uk,,http://oro.open.ac.uk,,eprints,rioxx,2011-05-06T11:11:21+01:00,"{'countryCode': 'gb', 'latitude': 52.0333, 'longitude': -0.7}",https://api.core.ac.uk/data-providers/86/logo,REPOSITORY,,No,0.0,No error,,,
repository.icr.ac.uk/oai/request,4652.0,,Institute of Cancer Research Repository,,,https://repository.icr.ac.uk/,,eprints,oai_dc,2018-01-30T15:46:48+00:00,"{'countryCode': 'GB', 'latitude': 51.49087588667727, 'longitude': -0.18126524154635337}",https://api.core.ac.uk/data-providers/4652/logo,REPOSITORY,,No,0.0,No error,,,
rke.abertay.ac.uk/ws/oai,2.0,1589.0,Abertay Research Portal,repository@abertay.ac.uk,,http://repository.abertay.ac.uk,,pure,oai_dc,2011-05-09T22:12:10+01:00,"{'countryCode': 'GB', 'latitude': 56.4599, 'longitude': -2.9888}",https://api.core.ac.uk/data-providers/2/logo,REPOSITORY,,No,0.0,Bad Argument Error,,,
arro.anglia.ac.uk/cgi/oai2,6.0,1850.0,Anglia Ruskin Research Online,arro@anglia.ac.uk,,https://arro.anglia.ac.uk,,eprints,rioxx,2011-05-09T22:15:53+01:00,"{'countryCode': 'GB', 'latitude': 51.7413, 'longitude': 0.4743}",https://api.core.ac.uk/data-providers/6/logo,REPOSITORY,,No,0.0,No error,,,
www.repository.cam.ac.uk/oai/request,27.0,,Apollo,support@repository.cam.ac.uk,,https://www.repository.cam.ac.uk,,dspace,oai_dc,2011-05-13T09:01:27+01:00,"{'countryCode': 'gb', 'latitude': 52.208, 'longitude': 0.122374}",https://api.core.ac.uk/data-providers/27/logo,REPOSITORY,,No,0.0,No error,,,
e-space.mmu.ac.uk/cgi/oai2,35.0,128.0,E-space: Manchester Metropolitan University's Research Repository,e-space@mmu.ac.uk,,https://e-space.mmu.ac.uk,,,oai_dc,2011-05-14T17:34:09+01:00,"{'countryCode': 'GB', 'latitude': 53.47071, 'longitude': -2.23949}",https://api.core.ac.uk/data-providers/35/logo,REPOSITORY,,No,0.0,No error,,,
ecrystals.chem.soton.ac.uk/cgi/oai2,36.0,289.0,eCrystals - Southampton,,,http://ecrystals.chem.soton.ac.uk,,eprints,oai_dc,2011-05-09T22:33:25+01:00,"{'countryCode': 'GB', 'latitude': 50.9342, 'longitude': -1.3957}",https://api.core.ac.uk/data-providers/36/logo,REPOSITORY,,No,0.0,No error,,,
gala.gre.ac.uk/cgi/oai2,51.0,1756.0,Greenwich Academic Literature Archive,gala@gre.ac.uk,,http://gala.gre.ac.uk,,eprints,rioxx,2011-07-07T16:59:10+01:00,"{'countryCode': 'GB', 'latitude': 51.482038, 'longitude': -0.005987}",https://api.core.ac.uk/data-providers/51/logo,REPOSITORY,,No,0.0,No error,,,
kar.kent.ac.uk/cgi/oai2,57.0,1328.0,Kent Academic Repository,ResearchSupport@kent.ac.uk,,https://kar.kent.ac.uk,,eprints,rioxx,2011-07-06T08:30:37+01:00,"{'countryCode': 'GB', 'latitude': 51.2923, 'longitude': 1.0797}",https://api.core.ac.uk/data-providers/57/logo,REPOSITORY,,Yes,24.0,No error,,,
eprints.nottingham.ac.uk/cgi/oai2,80.0,226.0,Nottingham ePrints,eprints@nottingham.ac.uk,,http://eprints.nottingham.ac.uk,,eprints,rioxx,2011-07-07T16:03:40+01:00,"{'countryCode': 'GB', 'latitude': 52.9382, 'longitude': -1.1712}",https://api.core.ac.uk/data-providers/80/logo,REPOSITORY,,No,0.0,No error,,,
radar.brookes.ac.uk/radar/oai,93.0,1680.0,Oxford Brookes University: RADAR,radar@brookes.ac.uk,,https://radar.brookes.ac.uk,,,oai_dc,2011-07-07T16:11:00+01:00,"{'countryCode': 'GB', 'latitude': 51.793, 'longitude': -1.2115}",https://api.core.ac.uk/data-providers/93/logo,REPOSITORY,,No,0.0,No error,,,
epubs.stfc.ac.uk/repub/oai,106.0,57.0,ePubs: the open archive for STFC research publications,alastair.duncan@stfc.ac.uk,,https://epubs.stfc.ac.uk,,,oai_dc,2011-07-07T16:11:06+01:00,"{'countryCode': 'GB', 'latitude': 51.5668, 'longitude': -1.786}",https://api.core.ac.uk/data-providers/106/logo,REPOSITORY,,No,45000.0,404 error,,,
sro.sussex.ac.uk/cgi/oai2,109.0,2384.0,Sussex Research Online,research@sussex.ac.uk,,http://sro.sussex.ac.uk,,eprints,rioxx,2011-07-07T16:11:07+01:00,"{'countryCode': 'GB', 'latitude': 50.8677, 'longitude': -0.0881}",https://api.core.ac.uk/data-providers/109/logo,REPOSITORY,,No,0.0,No error,,,
discovery.ucl.ac.uk/cgi/oai2,118.0,,UCL Discovery,open-access@ucl.ac.uk,,http://discovery.ucl.ac.uk,,eprints,oai_dc,2011-07-07T16:12:10+01:00,"{'countryCode': 'gb', 'latitude': 51.5241, 'longitude': -0.1329}",https://api.core.ac.uk/data-providers/118/logo,REPOSITORY,,No,0.0,BadVerbError,7.0,Contains software,"UCL has software type on webpage, but no software set"
strathprints.strath.ac.uk/cgi/oai2,131.0,291.0,University of Strathclyde Institutional Repository,openaccesspublications@strath.ac.uk,,https://strathprints.strath.ac.uk,,eprints,rioxx,2011-07-07T16:15:36+01:00,"{'countryCode': 'gb', 'latitude': 55.8333, 'longitude': -4.25}",https://api.core.ac.uk/data-providers/131/logo,REPOSITORY,,No,0.0,No error,,,
uwe-repository.worktribe.com/oaiprovider,134.0,1749.0,UWE Bristol Research Repository,eprints@uwe.ac.uk,,https://uwe-repository.worktribe.com/,,worktribe,rioxx,2011-07-07T16:15:36+01:00,"{'countryCode': 'GB', 'latitude': 51.500207, 'longitude': -2.54749}",https://api.core.ac.uk/data-providers/134/logo,REPOSITORY,,No,0.0,404 error,,,
dera.ioe.ac.uk/cgi/oai2,161.0,2152.0,Digital Education Resource Archive,,,http://dera.ioe.ac.uk,,eprints,oai_dc,2012-06-01T17:07:54+01:00,"{'countryCode': 'GB', 'latitude': 51.5235, 'longitude': -0.1285}",https://api.core.ac.uk/data-providers/161/logo,REPOSITORY,,No,0.0,No error,,,
nrl.northumbria.ac.uk/cgi/oai2,162.0,1448.0,Northumbria Research Link,as.researchlink@northumbria.ac.uk,,http://nrl.northumbria.ac.uk,,eprints,rioxx,2012-06-01T16:55:25+01:00,"{'countryCode': 'GB', 'latitude': 54.9773, 'longitude': -1.61257}",https://api.core.ac.uk/data-providers/162/logo,REPOSITORY,,No,0.0,No error,,,
pure.coventry.ac.uk/ws/oai,169.0,2171.0,CURVE/open,curve-research.lib@coventry.ac.uk,,https://pureportal.coventry.ac.uk/en/,,,oai_dc,2012-06-11T08:54:14+01:00,"{'countryCode': 'GB', 'latitude': 52.4058, 'longitude': -1.5127}",https://api.core.ac.uk/data-providers/169/logo,REPOSITORY,,No,0.0,Bad Argument Error,,,
etheses.lse.ac.uk/cgi/oai2,170.0,,LSE Theses Online,lseresearchonline@lse.ac.uk,,http://etheses.lse.ac.uk,,eprints,oai_dc,2012-06-11T08:51:23+01:00,"{'countryCode': 'gb', 'latitude': 51.5148, 'longitude': None}",https://api.core.ac.uk/data-providers/170/logo,REPOSITORY,,No,0.0,No error,,,
research.stmarys.ac.uk/cgi/oai2,175.0,2478.0,St Mary's University Open Research Archive,example@university.ac.uk,,https://research.stmarys.ac.uk,,eprints,rioxx,2012-06-11T08:51:29+01:00,"{'countryCode': 'GB', 'latitude': 51.4363, 'longitude': -0.3338}",https://api.core.ac.uk/data-providers/175/logo,REPOSITORY,,No,0.0,No error,,,
repository.essex.ac.uk/cgi/oai2,176.0,2409.0,University of Essex Research Repository,repository@essex.ac.uk,,http://repository.essex.ac.uk,,eprints,oai_dc,2012-06-11T08:53:22+01:00,"{'countryCode': 'GB', 'latitude': 51.8766, 'longitude': 0.945}",https://api.core.ac.uk/data-providers/176/logo,REPOSITORY,,No,0.0,No error,,,
research-information.bris.ac.uk/ws/oai,286.0,2642.0,Explore Bristol Research,open-access@bristol.ac.uk,,https://research-information.bris.ac.uk,,,oai_dc,2013-05-09T15:39:26+01:00,"{'countryCode': 'GB', 'latitude': 51.459668, 'longitude': -2.601643}",https://api.core.ac.uk/data-providers/286/logo,REPOSITORY,,No,0.0,Bad Argument Error,,,
radar.gsa.ac.uk/cgi/oai2,355.0,2695.0,Glasgow School of Art: RADAR,radar@gsa.ac.uk,,http://radar.gsa.ac.uk,,eprints,rioxx,2013-07-10T13:02:07+01:00,"{'countryCode': 'GB', 'latitude': 55.866, 'longitude': -4.2634}",https://api.core.ac.uk/data-providers/355/logo,REPOSITORY,,No,0.0,No error,,,
eprints.staffs.ac.uk/cgi/oai2,620.0,2881.0,STORE - Staffordshire Online Repository,eprints@staffs.ac.uk,,http://eprints.staffs.ac.uk,,eprints,rioxx,2013-11-19T12:58:25+00:00,"{'countryCode': 'GB', 'latitude': 53.0101, 'longitude': -2.1826}",https://api.core.ac.uk/data-providers/620/logo,REPOSITORY,,No,0.0,No error,,,
repository.falmouth.ac.uk/cgi/oai2,649.0,3261.0,Falmouth University Research Repository (FURR),repository@falmouth.ac.uk,,http://repository.falmouth.ac.uk,,eprints,rioxx,2015-01-20T12:11:28+00:00,"{'countryCode': 'GB', 'latitude': 50.171084, 'longitude': -5.123619}",https://api.core.ac.uk/data-providers/649/logo,REPOSITORY,,No,0.0,No error,,,
uobrep.openrepository.com/uobrep/oai/request,654.0,,University of Bedfordshire Repository,repository@beds.ac.uk,,http://uobrep.openrepository.com,,,oai_dc,2015-01-20T16:59:20+00:00,"{'countryCode': 'GB', 'latitude': 51.878306, 'longitude': -0.411352}",https://api.core.ac.uk/data-providers/654/logo,REPOSITORY,,No sets,0.0,BadVerbError,0.0,Does not contain software,"Type in search bar filter, but ‘software’ gives 0 results"
insight.cumbria.ac.uk/cgi/oai2,685.0,1675.0,Insight - University of Cumbria ,insight@cumbria.ac.uk,,http://insight.cumbria.ac.uk,,,rioxx,2015-08-18T11:27:50+01:00,"{'countryCode': 'GB', 'latitude': 54.890876, 'longitude': -2.922234}",https://api.core.ac.uk/data-providers/685/logo,REPOSITORY,,No,0.0,No error,,,
researchportal.port.ac.uk/ws/oai,695.0,3461.0,Portsmouth University Research Portal (Pure),pure@port.ac.uk,,https://researchportal.port.ac.uk,,,oai_dc,2015-09-24T19:09:10+01:00,"{'countryCode': 'GB', 'latitude': 50.794854, 'longitude': -1.090908}",https://api.core.ac.uk/data-providers/695/logo,REPOSITORY,,,,,,,
repository.londonmet.ac.uk/cgi/oai2,912.0,3367.0,London Met Repository,,,https://repository.londonmet.ac.uk/,,,rioxx,2016-05-26T17:06:53+01:00,"{'countryCode': 'GB', 'latitude': 51.51307, 'longitude': -0.07642}",https://api.core.ac.uk/data-providers/912/logo,REPOSITORY,,No,0.0,No error,,,
rde.dspace-express.com/oai/request,914.0,3565.0,RD&E Research Repository,,,https://rde.dspace-express.com,,,oai_dc,2016-05-26T17:07:06+01:00,"{'countryCode': 'GB', 'latitude': None, 'longitude': None}",https://api.core.ac.uk/data-providers/914/logo,REPOSITORY,,,,,,,
archaeologydataservice.ac.uk/oai/archives/OAIHandler,1022.0,1578.0,Archaeology Data Service,,,https://archaeologydataservice.ac.uk,,,oai_dc,2016-07-06T15:16:11+01:00,"{'countryCode': 'GB', 'latitude': 53.962, 'longitude': -1.0861}",https://api.core.ac.uk/data-providers/1022/logo,REPOSITORY,,,,,,,
datacompass.lshtm.ac.uk/cgi/oai2/,1023.0,,LSHTM Data Compass,,,http://datacompass.lshtm.ac.uk,,,oai_dc,2016-07-06T15:16:29+01:00,"{'countryCode': 'gb', 'latitude': 51.5209, 'longitude': -0.130687}",https://api.core.ac.uk/data-providers/1023/logo,REPOSITORY,,No sets,0.0,BadVerbError,0.0,Not a standard research output repo,LSHTM dataset repo
press-start.gla.ac.uk/index.php/press-start/oai,2420.0,,Press Start,,,http://press-start.gla.ac.uk,,,oai_dc,2017-01-04T12:10:16+00:00,"{'countryCode': 'GB', 'latitude': 55.868885, 'longitude': -4.295308}",https://api.core.ac.uk/data-providers/2420/logo,JOURNAL,,No,0.0,No error,,,
risweb.st-andrews.ac.uk/ws/oai,2654.0,,University of St. Andrews - Pure,open-access-support@st-andrews.ac.uk,,http://risweb.st-andrews.ac.uk,,,oai_dc,2015-01-27T18:44:25+00:00,"{'countryCode': 'GB', 'latitude': 56.341693, 'longitude': -2.792752}",https://api.core.ac.uk/data-providers/2654/logo,REPOSITORY,,No,0.0,BadVerbError,207.0,Contains software,https://risweb.st-andrews.ac.uk/portal/en/datasets/search.html?uri=&lastName=&search=&organisationName=&organisations=&type=%2Fdk%2Fatira%2Fpure%2Fdataset%2Fdatasettypes%2Fdataset%2Fsoftware&openAccessPermissionStatus=
hull-repository.worktribe.com/oaiprovider,4657.0,,Repository@Hull - CRIS,C.Awre@hull.ac.uk,,https://hull-repository.worktribe.com/,,Worktribe,oai_dc,2018-02-21T11:56:57+00:00,"{'countryCode': 'GB', 'latitude': 53.7730979, 'longitude': -0.3669859000000315}",https://api.core.ac.uk/data-providers/4657/logo,REPOSITORY,,No,0.0,404 error,,,
data.kent.ac.uk/cgi/oai2,5607.0,4245.0,Kent Data Repository,,,,,,oai_dc,2019-04-18T11:15:32+01:00,"{'countryCode': 'gb', 'latitude': 51.2977, 'longitude': 1.06828}",https://api.core.ac.uk/data-providers/5607/logo,REPOSITORY,,No,0.0,No error,,,
socialtheoryapplied.com/journal/jast/oai,12428.0,,Journal of Applied Social Theory,,,https://socialtheoryapplied.com,,OJS,oai_dc,2019-09-23T00:00:00+01:00,"{'countryCode': 'GB', 'latitude': None, 'longitude': None}",https://api.core.ac.uk/data-providers/12428/logo,JOURNAL,,,,,,,
www.ubplj.org/index.php/index/oai,12957.0,,The University of Buckingham Press Journals,,,http://www.ubplj.org,,OJS,oai_dc,2019-09-23T00:00:00+01:00,"{'countryCode': 'GB', 'latitude': None, 'longitude': None}",https://api.core.ac.uk/data-providers/12957/logo,JOURNAL,,No,0.0,No error,,,
hau.repository.guildhe.ac.uk/cgi/oai2,12969.0,8606.0,Harper Adams University Repository,,,https://hau.repository.guildhe.ac.uk,,Eprints 3,oai_dc,2019-09-23T00:00:00+01:00,"{'countryCode': 'GB', 'latitude': 52.779451, 'longitude': -2.427135}",https://api.core.ac.uk/data-providers/12969/logo,REPOSITORY,,No,0.0,No error,,,
datastorre.stir.ac.uk/oai/openaire,13144.0,,University of Stirling: DataSTORRE (Stirling Online Repository for Research Data),,,https://datastorre.stir.ac.uk,,DSpace XOAI,oai_dc,2019-09-23T00:00:00+01:00,"{'countryCode': 'GB', 'latitude': 56.145931, 'longitude': -3.919952}",https://api.core.ac.uk/data-providers/13144/logo,REPOSITORY,,No,0.0,No error,,,
www.repository.uhblibrary.co.uk/cgi/oai2,13672.0,,Heart of England: HEFT Repository,,,http://www.repository.uhblibrary.co.uk,,Eprints 3,oai_dc,2019-09-23T00:00:00+01:00,"{'countryCode': 'GB', 'latitude': None, 'longitude': None}",https://api.core.ac.uk/data-providers/13672/logo,REPOSITORY,,No,0.0,URL error,,,
www.xpublication.com/index.php/index/oai,14281.0,,Open access publications from Tech Reviews,,,http://www.xpublication.com,,OJS,oai_dc,2019-09-23T00:00:00+01:00,"{'countryCode': 'GB', 'latitude': None, 'longitude': None}",https://api.core.ac.uk/data-providers/14281/logo,JOURNAL,,,,,,,
edata.bham.ac.uk/cgi/oai2,14703.0,,University of Birmingham eData Repository (UBIRA E-Data),,,https://edata.bham.ac.uk,,Eprints 3,oai_dc,2019-09-30T00:00:00+01:00,"{'countryCode': 'GB', 'latitude': None, 'longitude': None}",https://api.core.ac.uk/data-providers/14703/logo,REPOSITORY,,No,0.0,No error,,,
bcu.eprints-hosting.org/cgi/oai2,14803.0,3870.0,Birmingham City University Open Access Repository,,,,,,oai_dc,2019-11-25T15:27:47+00:00,"{'countryCode': 'gb', 'latitude': 52.4822, 'longitude': -1.88861}",https://api.core.ac.uk/data-providers/14803/logo,REPOSITORY,,No sets,0.0,BadVerbError,0.0,No direct software search capability,No software search item
publications.icr.ac.uk/cgi/oai2,14870.0,5451.0,The Institute of Cancer Research Publications Repository,,,,,,oai_dc,2019-11-25T15:28:14+00:00,"{'countryCode': 'gb', 'latitude': 51.3443, 'longitude': -0.1892}",https://api.core.ac.uk/data-providers/14870/logo,REPOSITORY,,,,,,,
rau.repository.guildhe.ac.uk/cgi/oai2,14871.0,6870.0,Royal Agricultural University Repository,,,https://rau.repository.guildhe.ac.uk/,,Eprints,oai_dc,2019-11-25T15:28:28+00:00,"{'countryCode': 'gb', 'latitude': 51.71, 'longitude': -1.995}",https://api.core.ac.uk/data-providers/14871/logo,REPOSITORY,,No,0.0,No error,,,
openresearch.surrey.ac.uk/view/oai/44SUR_INST/request,15542.0,,University of Surrey,,,https://openresearch.surrey.ac.uk,,,oai_dc,2020-12-14T10:41:42+00:00,"{'countryCode': 'GB', 'latitude': 51.2427832, 'longitude': -0.5878036}",https://api.core.ac.uk/data-providers/15542/logo,REPOSITORY,,,,,,,
repository.jisc.ac.uk/cgi/oai2,55.0,1063.0,Jisc Repository,repository@jisc.ac.uk,,http://repository.jisc.ac.uk,,eprints,oai_dc,2011-07-07T16:59:03+01:00,"{'countryCode': 'GB', 'latitude': 51.3814, 'longitude': -2.3575}",https://api.core.ac.uk/data-providers/55/logo,REPOSITORY,,No,,,0.0,No direct software search capability,No software search item
repository.alt.ac.uk/cgi/oai2,5.0,,ALT Open Access Repository,repository@alt.ac.uk,,http://repository.alt.ac.uk,,eprints,oai_dc,2011-05-11T14:57:33+01:00,"{'countryCode': 'gb', 'latitude': 51.7549, 'longitude': -1.22309}",https://api.core.ac.uk/data-providers/5/logo,REPOSITORY,,No,0.0,BadVerbError,0.0,No direct software search capability,No software search item
eprints.bbk.ac.uk/cgi/oai2,8.0,30.0,Birkbeck Institutional Research Online,lib-eprints@bbk.ac.uk ,,https://eprints.bbk.ac.uk,,eprints,rioxx,2011-05-12T18:08:27+01:00,"{'countryCode': 'GB', 'latitude': 51.521515, 'longitude': -0.129308}",https://api.core.ac.uk/data-providers/8/logo,REPOSITORY,,No,0.0,No error,,,
eprints.bournemouth.ac.uk/cgi/oai2,9.0,1076.0,Bournemouth University Research Online,BURO@bournemouth.ac.uk,,http://eprints.bournemouth.ac.uk,,eprints,rioxx,2011-05-10T19:46:10+01:00,"{'countryCode': 'GB', 'latitude': 50.742979, 'longitude': -1.897168}",https://api.core.ac.uk/data-providers/9/logo,REPOSITORY,,No,42.0,No error,,,
bradscholars.brad.ac.uk/dspace-oai/request,10.0,1460.0,Bradford Scholars,repository@bradford.ac.uk,,https://bradscholars.brad.ac.uk,,dspace,oai_dc,2011-05-09T22:33:07+01:00,"{'countryCode': 'gb', 'latitude': 53.7917, 'longitude': -1.7674}",https://api.core.ac.uk/data-providers/10/logo,REPOSITORY,,No,0.0,No error,,,
etheses.dur.ac.uk/cgi/oai2,32.0,1918.0,Durham e-Theses,dro.admin@durham.ac.uk,,http://etheses.dur.ac.uk,,eprints,oai_dc,2011-05-12T19:14:14+01:00,"{'countryCode': 'GB', 'latitude': 54.7682, 'longitude': -1.5735}",https://api.core.ac.uk/data-providers/32/logo,REPOSITORY,,No,12963.0,No error,,,
dro.dur.ac.uk/cgi/oai2,33.0,,Durham Research Online,dro.admin@durham.ac.uk,,https://dro.dur.ac.uk,,eprints,oai_dc,2011-05-14T20:00:53+01:00,"{'countryCode': 'gb', 'latitude': 54.7667, 'longitude': -1.5667}",https://api.core.ac.uk/data-providers/33/logo,REPOSITORY,,No,28313.0,No error,,,
eprints.soton.ac.uk/cgi/oai2,34.0,348.0,e-Prints Soton,eprints@soton.ac.uk,,https://eprints.soton.ac.uk,,eprints,rioxx,2011-06-18T14:32:59+01:00,"{'countryCode': 'GB', 'latitude': 50.9342, 'longitude': -1.3957}",https://api.core.ac.uk/data-providers/34/logo,REPOSITORY,,No,13.0,No error,,,
eprints.gla.ac.uk/cgi/oai2,42.0,162.0,Enlighten,william.nixon@glasgow.ac.uk,,http://eprints.gla.ac.uk,,eprints,rioxx,2011-05-13T09:01:21+01:00,"{'countryCode': 'GB', 'latitude': 55.87329, 'longitude': -4.2889}",https://api.core.ac.uk/data-providers/42/logo,REPOSITORY,,No,0.0,No error,,,
eprints.lancs.ac.uk/cgi/oai2,59.0,201.0,Lancaster E-Prints,m.dunne@lancaster.ac.uk,,http://eprints.lancs.ac.uk,,eprints,oai_dc,2011-05-15T13:23:05+01:00,"{'countryCode': 'GB', 'latitude': 54.00975, 'longitude': -2.78598}",https://api.core.ac.uk/data-providers/59/logo,REPOSITORY,,No,0.0,BadVerbError,0.0,No direct software search capability,No software search item
eprints.leedsbeckett.ac.uk/cgi/oai2,62.0,,Leeds Beckett Repository ,openaccess@leedsbeckett.ac.uk,,http://eprints.leedsbeckett.ac.uk,,eprints,rioxx,2011-06-01T10:39:27+01:00,"{'countryCode': 'gb', 'latitude': 53.8264, 'longitude': -1.3}",https://api.core.ac.uk/data-providers/62/logo,REPOSITORY,,Yes,0.0,BadVerbError,0.0,Does not contain software,"Software type, but 0 records"
researchonline.ljmu.ac.uk/cgi/oai2,65.0,3107.0,LJMU Research Online,researchonline@ljmu.ac.uk,,http://researchonline.ljmu.ac.uk,,eprints,rioxx,2011-07-21T14:29:04+01:00,"{'countryCode': 'GB', 'latitude': 53.40292, 'longitude': -2.97338}",https://api.core.ac.uk/data-providers/65/logo,REPOSITORY,,No,0.0,No error,,,
nectar.northampton.ac.uk/cgi/oai2,78.0,1251.0,NECTAR,nectar@northampton.ac.uk,,http://nectar.northampton.ac.uk,,eprints,rioxx,2011-05-27T18:54:38+01:00,"{'countryCode': 'GB', 'latitude': 52.23698, 'longitude': -0.89735}",https://api.core.ac.uk/data-providers/78/logo,REPOSITORY,,No,0.0,No error,,,
purehost.bath.ac.uk/ws/oai,82.0,1378.0,University of Bath Research Portal,opus-support@bath.ac.uk,,http://opus.bath.ac.uk,,eprints,oai_dc,2011-05-15T10:16:09+01:00,"{'countryCode': 'GB', 'latitude': 51.3815, 'longitude': -2.3278}",https://api.core.ac.uk/data-providers/82/logo,REPOSITORY,,No,0.0,Bad Argument Error,,,
ora.ox.ac.uk/oai2,88.0,1064.0,Oxford University Research Archive,ora@bodleian.ox.ac.uk,,https://ora.ox.ac.uk,,fedora,oai_dc,2011-07-01T16:54:00+01:00,"{'countryCode': 'GB', 'latitude': 51.7466, 'longitude': -1.2709}",https://api.core.ac.uk/data-providers/88/logo,REPOSITORY,,No,0.0,No error,,,
repository.uel.ac.uk/oai2,96.0,1488.0,UEL Research Repository at University of East London,repository@uel.ac.uk,,https://repository.uel.ac.uk,,haplo,rioxx,2011-07-07T16:11:00+01:00,"{'countryCode': 'GB', 'latitude': 51.5075933, 'longitude': 0.0650805}",https://api.core.ac.uk/data-providers/96/logo,REPOSITORY,,No,0.0,OAI XML Syntax error,,,
archive.serpentproject.com/perl/oai2,100.0,,SERPENT Image &amp; Video Database,,,http://archive.serpentproject.com,,eprints,oai_dc,2011-05-30T20:56:04+01:00,"{'countryCode': 'gb', 'latitude': 50.9, 'longitude': -1.4}",https://api.core.ac.uk/data-providers/100/logo,REPOSITORY,,,,,,,
eprints.soas.ac.uk/cgi/oai2,103.0,285.0,SOAS Research Online,lib-eprints@soas.ac.uk,,https://eprints.soas.ac.uk,,eprints,rioxx,2011-07-07T16:11:01+01:00,"{'countryCode': 'GB', 'latitude': 51.52, 'longitude': -0.12}",https://api.core.ac.uk/data-providers/103/logo,REPOSITORY,,No,0.0,No error,,,
ssudl.solent.ac.uk/cgi/oai2,104.0,1677.0,Solent Electronic Archive,ir.admin@solent.ac.uk,,http://ssudl.solent.ac.uk/,,eprints,oai_dc,2011-07-07T16:11:02+01:00,"{'countryCode': 'GB', 'latitude': 50.907747, 'longitude': -1.400166}",https://api.core.ac.uk/data-providers/104/logo,REPOSITORY,,No sets,0.0,URL error,,,
research.uca.ac.uk/cgi/oai2,117.0,1925.0,UCA Research Online,arobinson@ucreative.ac.uk,,http://research.uca.ac.uk,,eprints,oai_dc,2011-07-07T16:12:10+01:00,"{'countryCode': 'GB', 'latitude': 51.2159, 'longitude': 0.8053}",https://api.core.ac.uk/data-providers/117/logo,REPOSITORY,,No,0.0,No error,,,
hydra-oai-pmh.hull.ac.uk/oaiprovider,127.0,1370.0,University of Hull Institutional Repository,repository@hull.ac.uk,,http://hydra-oai-pmh.hull.ac.uk,,,oai_dc,2011-07-07T16:15:29+01:00,"{'countryCode': 'GB', 'latitude': 53.7443, 'longitude': -0.3324}",https://api.core.ac.uk/data-providers/127/logo,REPOSITORY,,No,0.0,No error,,,
wrap.warwick.ac.uk/cgi/oai2,136.0,,Warwick Research Archives Portal Repository,publications@warwick.ac.uk,,http://wrap.warwick.ac.uk,,eprints,rioxx,2011-05-22T16:37:17+01:00,"{'countryCode': 'gb', 'latitude': 52.3822, 'longitude': -1.5647}",https://api.core.ac.uk/data-providers/136/logo,REPOSITORY,,No,0.0,No error,,,
openaccess.city.ac.uk/cgi/oai2,146.0,,City Research Online,publications@city.ac.uk,,https://openaccess.city.ac.uk,,eprints,rioxx,2012-04-23T13:03:18+01:00,"{'countryCode': 'gb', 'latitude': 51.528, 'longitude': -0.1031}",https://api.core.ac.uk/data-providers/146/logo,REPOSITORY,,Yes,10.0,No error,,,
philpapers.org/oai.pl,160.0,1978.0,PhilPapers,,,https://philpapers.org,,eprints,oai_dc,2012-06-01T16:52:41+01:00,"{'countryCode': 'GB', 'latitude': 51.520997, 'longitude': -0.127845}",https://api.core.ac.uk/data-providers/160/logo,REPOSITORY,,,,,,,
repository.canterbury.ac.uk/oai2,164.0,2172.0,Canterbury Research and Theses Environment,create.library@canterbury.ac.uk,,http://create.canterbury.ac.uk,,eprints,rioxx,2012-06-08T17:05:38+01:00,"{'countryCode': 'GB', 'latitude': 51.2796, 'longitude': 1.0894}",https://api.core.ac.uk/data-providers/164/logo,REPOSITORY,,No,0.0,OAI XML Syntax error,,,
sure.sunderland.ac.uk/cgi/oai2,168.0,2408.0,Sunderland University Institutional Repository,sure@sunderland.ac.uk,,https://sure.sunderland.ac.uk,,eprints,rioxx,2012-06-08T17:02:16+01:00,"{'countryCode': 'GB', 'latitude': 54.9084, 'longitude': -1.3761}",https://api.core.ac.uk/data-providers/168/logo,REPOSITORY,,No,0.0,No error,,,
research.tees.ac.uk/ws/oai,278.0,1816.0,Teeside University's Research Repository,researchportal@tees.ac.uk,,http://tees.openrepository.com,,Pure,oai_dc,2012-11-13T11:36:34+00:00,"{'countryCode': 'GB', 'latitude': 54.5737, 'longitude': -1.2387}",https://api.core.ac.uk/data-providers/278/logo,REPOSITORY,,No,0.0,Bad Argument Error,,,
repository.uwl.ac.uk/cgi/oai2,357.0,2700.0,UWL Repository,openaccess@uwl.ac.uk,,http://repository.uwl.ac.uk,,eprints,rioxx,2013-07-10T13:02:46+01:00,"{'countryCode': 'GB', 'latitude': 51.4544, 'longitude': -0.9764}",https://api.core.ac.uk/data-providers/357/logo,REPOSITORY,,No,0.0,No error,,,
eprints.keele.ac.uk/cgi/oai2,657.0,2263.0,Keele Research Repository,s.mcgowan@keele.ac.uk,,https://eprints.keele.ac.uk,,eprints,rioxx,2015-01-22T10:01:37+00:00,"{'countryCode': 'GB', 'latitude': 53.003437, 'longitude': -2.272053}",https://api.core.ac.uk/data-providers/657/logo,REPOSITORY,,No,0.0,No error,,,
ray.yorksj.ac.uk/cgi/oai2,683.0,,York St John University Institutional Repository,RaY@yorksj.ac.uk,,https://ray.yorksj.ac.uk,,,rioxx,2011-05-27T23:19:36+01:00,"{'countryCode': 'GB', 'latitude': 53.9653, 'longitude': -1.0809}",https://api.core.ac.uk/data-providers/683/logo,REPOSITORY,,No,0.0,No error,,,
cris.winchester.ac.uk/ws/oai,694.0,3794.0,Winchester Research Repository,repository@winchester.ac.uk,,http://repository.winchester.ac.uk,,,oai_dc,2015-09-11T19:19:05+01:00,"{'countryCode': 'GB', 'latitude': 51.059771, 'longitude': -1.310142}",https://api.core.ac.uk/data-providers/694/logo,REPOSITORY,,No,0.0,Bad Argument Error,,,
bear.buckingham.ac.uk/cgi/oai2?verb=identify,704.0,3435.0,BEAR (Buckingham E-Archive of Research),,,http://bear.buckingham.ac.uk,,,oai_dc,2015-11-16T17:31:06+00:00,"{'countryCode': 'GB', 'latitude': 51.9993, 'longitude': -0.9876}",https://api.core.ac.uk/data-providers/704/logo,REPOSITORY,,No,0.0,No error,,,
www.repository.heartofengland.nhs.uk/cgi/oai2,911.0,3440.0,HEFT Repository,,,http://www.repository.heartofengland.nhs.uk,,,oai_dc,2016-05-26T17:06:41+01:00,"{'countryCode': 'GB', 'latitude': 52.4828, 'longitude': -1.8457}",https://api.core.ac.uk/data-providers/911/logo,REPOSITORY,,,,,,,
openresearch.lsbu.ac.uk/oai2,913.0,,LSBU Research Open,,,https://openresearch.lsbu.ac.uk/,,Haplo,rioxx,2016-05-26T17:06:59+01:00,"{'countryCode': 'GB', 'latitude': 51.5073509, 'longitude': -0.1277583}",https://api.core.ac.uk/data-providers/913/logo,REPOSITORY,,No,0.0,No error,,,
hira.hope.ac.uk/cgi/oai2,1053.0,3677.0,Hope's Institutional Research Archive,,,http://hira.hope.ac.uk,,,oai_dc,2016-10-28T11:03:10+01:00,"{'countryCode': 'GB', 'latitude': 53.3915, 'longitude': -2.8919}",https://api.core.ac.uk/data-providers/1053/logo,REPOSITORY,,No,0.0,BadVerbError,0.0,No direct software search capability,No software search item
preprint.chemweb.com/CPS/OAI/,2886.0,,Chemistry Preprint Server,,,http://preprint.chemweb.com,,,oai_dc,2017-08-31T15:53:52+01:00,"{'countryCode': 'gb', 'latitude': None, 'longitude': None}",https://api.core.ac.uk/data-providers/2886/logo,REPOSITORY,,,,,,,
quantropy.org/cgi/oai2,3308.0,,Quantropy is open to all,,,http://quantropy.org,,,oai_dc,2017-08-31T15:55:02+01:00,"{'countryCode': 'gb', 'latitude': 51.752, 'longitude': -1.2558}",https://api.core.ac.uk/data-providers/3308/logo,REPOSITORY,,,,,,,
archives.webmedcentral.com/oai,3325.0,,Webmedcentral,,,http://archives.webmedcentral.com,,,oai_dc,2017-08-31T15:55:05+01:00,"{'countryCode': 'gb', 'latitude': 51.5002, 'longitude': -0.1262}",https://api.core.ac.uk/data-providers/3325/logo,REPOSITORY,,,,,,,
repository.rothamsted.ac.uk/oai2,4813.0,,Rothamsted Repository,library@rothamsted.ac.uk,,https://repository.rothamsted.ac.uk,,Haplo,oai_dc,2019-01-03T19:42:05+00:00,"{'countryCode': 'GB', 'latitude': -0.354859, 'longitude': 51.809357}",https://api.core.ac.uk/data-providers/4813/logo,REPOSITORY,,No,0.0,OAI XML Syntax error,,,
eprintsdemo.wwwconf.ecs.soton.ac.uk/perl/oai2,5361.0,376.0,WWW Conferences Archive,,,,,,oai_dc,2019-04-18T11:14:14+01:00,"{'countryCode': 'gb', 'latitude': 50.9342, 'longitude': -1.3957}",https://api.core.ac.uk/data-providers/5361/logo,REPOSITORY,,,,,,,
eprints.st-andrews.ac.uk/perl/oai2,11214.0,290.0,St Andrews Eprints,,,,,,oai_dc,2019-07-22T00:00:56+01:00,"{'countryCode': 'gb', 'latitude': 56.3421, 'longitude': -2.79637}",https://api.core.ac.uk/data-providers/11214/logo,REPOSITORY,,,,,,,
christie.openrepository.com/oai/rioxx,11756.0,,The Christie School of Oncology: Christie Research Publications Repository,,,https://christie.openrepository.com,,DSpace XOAI,oai_dc,2019-09-23T00:00:00+01:00,"{'countryCode': 'GB', 'latitude': 53.429724, 'longitude': -2.22982}",https://api.core.ac.uk/data-providers/11756/logo,REPOSITORY,,,,,,,
oxfamilibrary.openrepository.com/oai/rioxx,11850.0,,Oxfam iLibrary,,,https://oxfamilibrary.openrepository.com,,DSpace XOAI,oai_dc,2019-09-23T00:00:00+01:00,"{'countryCode': 'GB', 'latitude': 51.729539, 'longitude': -1.20597}",https://api.core.ac.uk/data-providers/11850/logo,REPOSITORY,,,,,,,
onlinejournal.org.uk/index.php/index/oai,12449.0,,onlinejournal.org.uk,,,http://onlinejournal.org.uk,,OJS,oai_dc,2019-09-23T00:00:00+01:00,"{'countryCode': 'GB', 'latitude': None, 'longitude': None}",https://api.core.ac.uk/data-providers/12449/logo,JOURNAL,,,,,,,
ojs.st-andrews.ac.uk/index.php/index/oai,13021.0,,University of St Andrews: Journal Hosting Service,,,https://ojs.st-andrews.ac.uk,,OJS,oai_dc,2019-09-23T00:00:00+01:00,"{'countryCode': 'GB', 'latitude': None, 'longitude': None}",https://api.core.ac.uk/data-providers/13021/logo,JOURNAL,,No,0.0,No error,,,
journals.isss.org/index.php/index/oai,13192.0,,International Society for the Systems Sciences: Journals ISSS,,,http://journals.isss.org,,OJS,oai_dc,2019-09-23T00:00:00+01:00,"{'countryCode': 'GB', 'latitude': None, 'longitude': None}",https://api.core.ac.uk/data-providers/13192/logo,JOURNAL,,,,,,,
hijournal.bcs.org/index.php/jhi/oai,13236.0,,"Informatics in Primary Care (BCS, The Chartered Institute for IT)",,,https://hijournal.bcs.org,,OJS,oai_dc,2019-09-23T00:00:00+01:00,"{'countryCode': 'GB', 'latitude': None, 'longitude': None}",https://api.core.ac.uk/data-providers/13236/logo,JOURNAL,,,,,,,
publications.coventry.ac.uk/index.php/index/oai,13359.0,,Coventry University: E-Journals,,,https://publications.coventry.ac.uk,,OJS,oai_dc,2019-09-23T00:00:00+01:00,"{'countryCode': 'GB', 'latitude': None, 'longitude': None}",https://api.core.ac.uk/data-providers/13359/logo,JOURNAL,,No,0.0,No error,,,
bucks.repository.guildhe.ac.uk/cgi/oai2,13623.0,9175.0,Bucks New University: Bucks Knowledge Archive,,,https://bucks.repository.guildhe.ac.uk,,Eprints 3,oai_dc,2019-09-23T00:00:00+01:00,"{'countryCode': 'GB', 'latitude': 51.6205, 'longitude': -0.7386}",https://api.core.ac.uk/data-providers/13623/logo,REPOSITORY,,No,0.0,No error,,,
eprints.hrwallingford.com/cgi/oai2,13656.0,,HR Wallingford Ltd.: ePrints at HR Wallingford,,,http://eprints.hrwallingford.com,,eprints,oai_dc,2019-09-23T00:00:00+01:00,"{'countryCode': 'GB', 'latitude': None, 'longitude': None}",https://api.core.ac.uk/data-providers/13656/logo,REPOSITORY,,No,,,,,
marjon.repository.guildhe.ac.uk/cgi/oai2,14252.0,7337.0,Plymouth Marjon University Repository,,,https://marjon.repository.guildhe.ac.uk/,,Eprints 3,oai_dc,2019-09-23T00:00:00+01:00,"{'countryCode': 'GB', 'latitude': 50.421124, 'longitude': -4.110431}",https://api.core.ac.uk/data-providers/14252/logo,REPOSITORY,,No,0.0,No error,,,
cdm15847.contentdm.oclc.org/oai/oai.php,14547.0,,University of Sheffield Library Digital Collections,,,http://cdm15847.contentdm.oclc.org,,ContentDM,oai_dc,2019-09-23T00:00:00+01:00,"{'countryCode': 'GB', 'latitude': 53.382742, 'longitude': -1.488167}",https://api.core.ac.uk/data-providers/14547/logo,REPOSITORY,,No,,,,,
journals.rbge.org.uk/index.php/rbgesib/oai,14648.0,,Sibbaldia - the Journal of Botanic Garden Horticulture (Royal Botanic Garden Edinburgh Journals),,,https://journals.rbge.org.uk,,OJS,oai_dc,2019-09-23T00:00:00+01:00,"{'countryCode': 'GB', 'latitude': None, 'longitude': None}",https://api.core.ac.uk/data-providers/14648/logo,JOURNAL,,,,,,,
journals.gre.ac.uk/index.php/index/oai,14685.0,,University of Greenwich Journals and Working Papers,,,https://journals.gre.ac.uk,,OJS,oai_dc,2019-09-30T00:00:00+01:00,"{'countryCode': 'GB', 'latitude': None, 'longitude': None}",https://api.core.ac.uk/data-providers/14685/logo,JOURNAL,,No,0.0,No error,,,
pure.hud.ac.uk/ws/oai,14815.0,4745.0,Huddersfield Research Portal,,,,,,oai_dc,2019-11-25T15:27:54+00:00,"{'countryCode': 'gb', 'latitude': None, 'longitude': None}",https://api.core.ac.uk/data-providers/14815/logo,REPOSITORY,,No,0.0,Bad Argument Error,,,
writtle.repository.guildhe.ac.uk/cgi/oai2,15091.0,,Writtle University College Repository,,,https://writtle.repository.guildhe.ac.uk,,Eprints,oai_dc,2020-03-10T14:49:37+00:00,"{'countryCode': 'GB', 'latitude': 51.736605, 'longitude': 0.427964}",https://api.core.ac.uk/data-providers/15091/logo,REPOSITORY,,No,0.0,No error,,,
bura.brunel.ac.uk/oai/request,14.0,,Brunel University Research Archive,bura@brunel.ac.uk,,https://bura.brunel.ac.uk,,dspace,oai_dc,2011-05-11T14:18:01+01:00,"{'countryCode': 'GB', 'latitude': 51.5324044, 'longitude': -0.4729931}",https://api.core.ac.uk/data-providers/14/logo,REPOSITORY,,No,0.0,No error,,,
chesterrep.openrepository.com/oai/request,19.0,,ChesterRep,chesterrep@chester.ac.uk,,https://chesterrep.openrepository.com,,dspace,oai_dc,2011-05-11T14:48:05+01:00,"{'countryCode': 'gb', 'latitude': 39.768, 'longitude': -104.873}",https://api.core.ac.uk/data-providers/19/logo,REPOSITORY,,No,0.0,No error,,,
www.cl.cam.ac.uk/techreports/UCAM-CL-TR-OAI-SR.xml,22.0,,Computer Laboratory Technical Reports - Cambridge University,,,http://www.cl.cam.ac.uk,,,oai_dc,2011-05-12T18:49:46+01:00,"{'countryCode': 'GB', 'latitude': 52.208, 'longitude': 0.122374}",https://api.core.ac.uk/data-providers/22/logo,REPOSITORY,,No,0.0,No error,,,
cronfa.swan.ac.uk/OAI/Server,24.0,1590.0,Cronfa at Swansea University,iss-research@swansea.ac.uk,,https://cronfa.swan.ac.uk,,dspace,oai_dc,2011-05-12T20:43:57+01:00,"{'countryCode': 'GB', 'latitude': 51.608, 'longitude': -4.0628}",https://api.core.ac.uk/data-providers/24/logo,REPOSITORY,,No,50407.0,No error,,,
www.dora.dmu.ac.uk/oai/request,25.0,,De Montfort University Open Research Archive,acope@dmu.ac.uk,,https://www.dora.dmu.ac.uk,,dspace,oai_dc,2011-05-13T09:01:29+01:00,"{'countryCode': 'gb', 'latitude': 52.6318, 'longitude': -1.1394}",https://api.core.ac.uk/data-providers/25/logo,REPOSITORY,,No sets,0.0,BadVerbError,0.0,No direct software search capability,No software search item
theses.gla.ac.uk/cgi/oai2,48.0,1275.0,Glasgow Theses Service,William.Nixon@glasgow.ac.uk,,http://theses.gla.ac.uk,,eprints,oai_dc,2011-07-22T14:20:22+01:00,"{'countryCode': 'GB', 'latitude': 55.87329, 'longitude': -4.2889}",https://api.core.ac.uk/data-providers/48/logo,REPOSITORY,,No,0.0,BadVerbError,0.0,Not a standard research output repo,Glasgow theses
theses.gla.ac.uk/cgi/oai2,48.0,1275.0,Glasgow Theses Service,William.Nixon@glasgow.ac.uk,,http://theses.gla.ac.uk,,eprints,oai_dc,2011-07-22T14:20:22+01:00,"{'countryCode': 'GB', 'latitude': 55.87329, 'longitude': -4.2889}",https://api.core.ac.uk/data-providers/48/logo,REPOSITORY,,No,0.0,BadVerbError,0.0,Not a standard research output repo,Glasgow theses
languagebox.ac.uk/cgi/oai2,60.0,1518.0,Language Box,,,http://languagebox.ac.uk,,eprints,oai_dc,2011-06-01T10:33:34+01:00,"{'countryCode': 'GB', 'latitude': 50.9342, 'longitude': -1.3957}",https://api.core.ac.uk/data-providers/60/logo,REPOSITORY,,No,0.0,No error,,,
nora.nerc.ac.uk/cgi/oai2,79.0,1002.0,NERC Open Research Archive,,,http://nora.nerc.ac.uk,,eprints,oai_dc,2011-05-15T13:23:10+01:00,"{'countryCode': 'GB', 'latitude': 51.56689, 'longitude': -1.78453}",https://api.core.ac.uk/data-providers/79/logo,REPOSITORY,,No,0.0,BadVerbError,,,
rgu-repository.worktribe.com/oaiprovider,84.0,,Open Access Institutional Repository at Robert Gordon University,,,rgu-repository.worktribe.com,,worktribe,oai_dc,2011-05-27T19:18:11+01:00,"{'countryCode': 'GB', 'latitude': 57.1333, 'longitude': -2.1}",https://api.core.ac.uk/data-providers/84/logo,REPOSITORY,,No,0.0,404 error,,,
napier-surface.worktribe.com/oaiprovider,92.0,1334.0,Repository@Napier,repository@napier.ac.uk,,https://napier-surface.worktribe.com,,worktribe,rioxx,2011-07-07T16:11:00+01:00,"{'countryCode': 'GB', 'latitude': 55.9335, 'longitude': -3.2125}",https://api.core.ac.uk/data-providers/92/logo,REPOSITORY,,No sets,0.0,BadVerbError,0.0,No direct software search capability,No software search item
repository.royalholloway.ac.uk/p/oai,98.0,279.0,Royal Holloway Research Online,rhro@rhul.ac.uk,,https://repository.royalholloway.ac.uk,,,oai_dc,2011-05-18T15:56:46+01:00,"{'countryCode': 'GB', 'latitude': 51.426, 'longitude': -0.5635}",https://api.core.ac.uk/data-providers/98/logo,REPOSITORY,,,,,,,
sas-space.sas.ac.uk/cgi/oai2,99.0,907.0,SAS-SPACE,,,http://sas-space.sas.ac.uk,,eprints,rioxx,2011-07-07T16:11:01+01:00,"{'countryCode': 'GB', 'latitude': 51.521, 'longitude': -0.12782}",https://api.core.ac.uk/data-providers/99/logo,REPOSITORY,,No,0.0,No error,,,
spiral.imperial.ac.uk/dspace-oai/request,105.0,1032.0,Spiral - Imperial College Digital Repository,j.murtagh@imperial.ac.uk,,http://spiral.imperial.ac.uk,,dspace,oai_dc,2011-05-14T10:46:34+01:00,"{'countryCode': 'GB', 'latitude': 51.488, 'longitude': -0.172}",https://api.core.ac.uk/data-providers/105/logo,REPOSITORY,,No,0.0,BadVerbError,286.0,Contains software,Manual search for type contains ‘software’
epubs.surrey.ac.uk/cgi/oai2,108.0,305.0,Surrey Research Insight,openresearch@surrey.ac.uk,,http://epubs.surrey.ac.uk,,eprints,oai_dc,2011-07-07T16:11:07+01:00,"{'countryCode': 'GB', 'latitude': 51.242, 'longitude': -0.587}",https://api.core.ac.uk/data-providers/108/logo,REPOSITORY,,No sets,0.0,OAI XML Syntax error,,,
repository.uwtsd.ac.uk/cgi/oai2,110.0,1627.0,University of Wales Trinity Saint David,anne.harvey@sm.uwtsd.ac.uk,,http://repository.uwtsd.ac.uk,,dspace,oai_dc,2011-05-14T10:36:07+01:00,"{'countryCode': 'GB', 'latitude': 51.6144, 'longitude': -3.8727}",https://api.core.ac.uk/data-providers/110/logo,REPOSITORY,,No,0.0,No error,,,
ualresearchonline.arts.ac.uk/cgi/oai2,116.0,1673.0,UAL Research Online,ualresearchonline@arts.ac.uk,,http://ualresearchonline.arts.ac.uk,,eprints,oai_dc,2011-07-07T16:12:10+01:00,"{'countryCode': 'GB', 'latitude': 51.5002, 'longitude': -0.1262}",https://api.core.ac.uk/data-providers/116/logo,REPOSITORY,,No,0.0,BadVerbError,0.0,No direct software search capability,No software search item
epapers.bham.ac.uk/cgi/oai2,119.0,1126.0,"University of Birmingham Research Archive, E-papers Repository",S.Atkins.1@bham.ac.uk,,http://epapers.bham.ac.uk,,eprints,oai_dc,2011-07-07T16:12:11+01:00,"{'countryCode': 'GB', 'latitude': 52.44899, 'longitude': -1.93085}",https://api.core.ac.uk/data-providers/119/logo,REPOSITORY,,No,0.0,No error,,,
discovery.dundee.ac.uk/ws/oai,123.0,1775.0,University of Dundee Online Publications,discovery@dundee.ac.uk,,http://discovery.dundee.ac.uk,,dspace,oai_dc,2011-07-07T16:13:07+01:00,"{'countryCode': 'GB', 'latitude': 56.4583, 'longitude': -2.9809}",https://api.core.ac.uk/data-providers/123/logo,REPOSITORY,,No,0.0,Bad Argument Error,,,
eprints.hud.ac.uk/cgi/oai2,126.0,1012.0,University of Huddersfield Repository,E.mailbox@hud.ac.uk,,http://eprints.hud.ac.uk,,eprints,rioxx,2011-07-05T18:53:03+01:00,"{'countryCode': 'GB', 'latitude': 53.6439, 'longitude': -1.7784}",https://api.core.ac.uk/data-providers/126/logo,REPOSITORY,,No,0.0,No error,,,
livrepository.liverpool.ac.uk/cgi/oai2,129.0,1292.0,University of Liverpool Repository,openaccess@liverpool.ac.uk,,https://livrepository.liverpool.ac.uk,,eprints,rioxx,2011-07-07T16:15:29+01:00,"{'countryCode': 'GB', 'latitude': 53.40982, 'longitude': -2.96949}",https://api.core.ac.uk/data-providers/129/logo,REPOSITORY,,Yes,18.0,No error,,,
usir.salford.ac.uk/cgi/oai2,130.0,991.0,University of Salford Institutional Repository,usir@salford.ac.uk,,http://usir.salford.ac.uk,,eprints,rioxx,2011-07-07T16:32:41+01:00,"{'countryCode': 'GB', 'latitude': 53.4871, 'longitude': -2.2736}",https://api.core.ac.uk/data-providers/130/logo,REPOSITORY,,No,0.0,No error,,,
research.edgehill.ac.uk/ws/oai,166.0,2173.0,Edge Hill University Research Information Repository,REFcompliance@edgehill.ac.uk,,https://repository.edgehill.ac.uk,,Pure,oai_dc,2012-06-08T17:02:35+01:00,"{'countryCode': 'GB', 'latitude': 53.5599, 'longitude': -2.8734}",https://api.core.ac.uk/data-providers/166/logo,REPOSITORY,,No,0.0,Bad Argument Error,,,
researchonline.gcu.ac.uk/ws/oai,172.0,2095.0,ResearchOnline@GCU,librarysystems@gcu.ac.uk,,http://researchonline.gcu.ac.uk,,Pure,oai_dc,2012-06-11T08:53:35+01:00,"{'countryCode': 'GB', 'latitude': 55, 'longitude': -4}",https://api.core.ac.uk/data-providers/172/logo,REPOSITORY,,No,0.0,Bad Argument Error,,,
openaccess.sgul.ac.uk/cgi/oai2,253.0,2556.0,St George's Online Research Archive,sora@sgul.ac.uk,,http://openaccess.sgul.ac.uk,,eprints,rioxx,2012-10-09T14:04:21+01:00,"{'countryCode': 'GB', 'latitude': 51.4279, 'longitude': -0.1759}",https://api.core.ac.uk/data-providers/253/logo,REPOSITORY,,Yes,0.0,BadVerbError,0.0,Does not contain software,"Software type, but 0 records"
pearl.plymouth.ac.uk/oai/request,295.0,2687.0,Plymouth Electronic Archive and Research Library,openresearch@plymouth.ac.uk,,http://pearl.plymouth.ac.uk,,,oai_dc,2013-06-27T12:52:22+01:00,"{'countryCode': 'GB', 'latitude': 50.3705, 'longitude': -4.1398}",https://api.core.ac.uk/data-providers/295/logo,REPOSITORY,,No,0.0,No error,,,
eprints.chi.ac.uk/cgi/oai2/,356.0,2701.0,University of Chichester EPrints Repository,eprint@chi.ac.uk,,http://eprints.chi.ac.uk,,eprints,rioxx,2013-07-10T13:02:25+01:00,"{'countryCode': 'GB', 'latitude': 50.8443, 'longitude': -0.7744}",https://api.core.ac.uk/data-providers/356/logo,REPOSITORY,,No sets,0.0,BadVerbError,0.0,No direct software search capability,No software search item
ota.bodleian.ox.ac.uk/repository/oai/request,618.0,2807.0,Oxford Text Archive,,,https://ota.bodleian.ox.ac.uk/repository/xmlui/,,dspace,oai_dc,2013-11-19T12:58:00+00:00,"{'countryCode': 'GB', 'latitude': 51.7466, 'longitude': -1.2709}",https://api.core.ac.uk/data-providers/618/logo,REPOSITORY,,No,0.0,No error,,,
kclpure.kcl.ac.uk/ws/oai,635.0,2761.0,King's Research Portal,openaccess@kcl.ac.uk,,https://kclpure.kcl.ac.uk,,,oai_dc,2014-09-20T11:00:02+01:00,"{'countryCode': 'GB', 'latitude': 51.51073, 'longitude': -0.11691}",https://api.core.ac.uk/data-providers/635/logo,REPOSITORY,,No,0.0,Bad Argument Error,,,
eprints.esc.cam.ac.uk/cgi/oai2,684.0,3280.0,ESC Publications - Cambridge Univesity,,,http://eprints.esc.cam.ac.uk,,,rioxx,2015-08-17T17:13:26+01:00,"{'countryCode': 'GB', 'latitude': 52.204266, 'longitude': 0.1149084}",https://api.core.ac.uk/data-providers/684/logo,REPOSITORY,,No,0.0,No error,,,
researchonline.rvc.ac.uk/cgi/oai2,915.0,3495.0,RVC Research Online,publicationsrepos@rvc.ac.uk,,https://researchonline.rvc.ac.uk,,eprints,rioxx,2016-05-26T17:07:13+01:00,"{'countryCode': 'GB', 'latitude': None, 'longitude': None}",https://api.core.ac.uk/data-providers/915/logo,REPOSITORY,,No,0.0,No error,,,
bgro.repository.guildhe.ac.uk/cgi/oai2,1052.0,3650.0,BG Research Online, rachel.stewart@bishopg.ac.uk,,https://bgro.repository.guildhe.ac.uk,,eprints,rioxx,2016-10-28T11:02:58+01:00,"{'countryCode': 'GB', 'latitude': 53.24382259999999, 'longitude': -0.5364247}",https://api.core.ac.uk/data-providers/1052/logo,REPOSITORY,,No,0.0,No error,,,
lbsresearch.london.edu/cgi/oai2,1054.0,3652.0,LBS Research Online,openaccess@london.edu,,http://lbsresearch.london.edu,,eprints,rioxx,2016-10-28T11:03:28+01:00,"{'countryCode': 'GB', 'latitude': 51.5281, 'longitude': -0.1614}",https://api.core.ac.uk/data-providers/1054/logo,REPOSITORY,,No,0.0,No error,,,
oai.ukdataservice.ac.uk/oai/provider,1055.0,3708.0,UK Data Service ReShare,,,http://oai.ukdataservice.ac.uk,,,oai_dc,2016-10-28T11:03:54+01:00,"{'countryCode': 'GB', 'latitude': None, 'longitude': None}",https://api.core.ac.uk/data-providers/1055/logo,REPOSITORY,,,,,,,
eprints.agentlink.org/perl/oai2,2813.0,,AgentLink.org | EPrints | AgentLink Publications Clearinghouse,,,http://eprints.agentlink.org,,,oai_dc,2017-08-31T15:53:31+01:00,"{'countryCode': 'gb', 'latitude': 50.9, 'longitude': -1.4}",https://api.core.ac.uk/data-providers/2813/logo,REPOSITORY,,,,,,,
cogprints.ecs.soton.ac.uk/perl/oai2,2890.0,,CogPrints Cognitive Sciences Eprint Archive,,,http://cogprints.ecs.soton.ac.uk,,,oai_dc,2017-08-31T15:53:53+01:00,"{'countryCode': 'gb', 'latitude': 50.9, 'longitude': -1.4}",https://api.core.ac.uk/data-providers/2890/logo,REPOSITORY,,,,,,,
pure.ulster.ac.uk/ws/oai,3274.0,1962.0,Ulster University's Research Portal,,,http://uir.ulster.ac.uk,,,oai_dc,2017-08-31T15:54:56+01:00,"{'countryCode': 'gb', 'latitude': 53.385, 'longitude': -6.5936}",https://api.core.ac.uk/data-providers/3274/logo,REPOSITORY,,No,0.0,Bad Argument Error,,,
eprints.adastral.ucl.ac.uk/cgi/oai2,5424.0,981.0,UCL Adastral Park Repository,,,,,,oai_dc,2019-04-18T11:14:30+01:00,"{'countryCode': 'GB', 'latitude': 51.5248, 'longitude': -0.1334}",https://api.core.ac.uk/data-providers/5424/logo,REPOSITORY,,,,,,,
www.northumbriajournals.co.uk/index.php/index/oai,12035.0,,Northumbria Journals,,,http://www.northumbriajournals.co.uk,,OJS,oai_dc,2019-09-23T00:00:00+01:00,"{'countryCode': 'GB', 'latitude': None, 'longitude': None}",https://api.core.ac.uk/data-providers/12035/logo,JOURNAL,,No,0.0,BadVerbError,,,
joherd.com/journals/index.php/JoHESSM/oai,12284.0,,Journal of Higher Education Service Science and Management (JoHESSM),,,https://joherd.com,,OJS,oai_dc,2019-09-23T00:00:00+01:00,"{'countryCode': 'GB', 'latitude': None, 'longitude': None}",https://api.core.ac.uk/data-providers/12284/logo,JOURNAL,,,,,,,
journal.radicallibrarianship.org/index.php/journal/oai,12662.0,,Journal of Radical Librarianship,,,https://journal.radicallibrarianship.org,,OJS,oai_dc,2019-09-23T00:00:00+01:00,"{'countryCode': 'GB', 'latitude': None, 'longitude': None}",https://api.core.ac.uk/data-providers/12662/logo,JOURNAL,,,,,,,
journals.whitingbirch.net/index.php/index/oai,13027.0,,Whiting & Birch (E-Journals),,,https://journals.whitingbirch.net,,OJS,oai_dc,2019-09-23T00:00:00+01:00,"{'countryCode': 'GB', 'latitude': None, 'longitude': None}",https://api.core.ac.uk/data-providers/13027/logo,JOURNAL,,,,,,,
www.performancephilosophy.org/index.php/index/oai,13404.0,,Performance Philosophy (E-Journal),,,http://www.performancephilosophy.org,,OJS,oai_dc,2019-09-23T00:00:00+01:00,"{'countryCode': 'GB', 'latitude': None, 'longitude': None}",https://api.core.ac.uk/data-providers/13404/logo,JOURNAL,,,,,,,
www.journals.lapub.co.uk/index.php/index/oai,13725.0,,London Academic Publishing Ltd.: Arts & Humanities Journals,,,https://www.journals.lapub.co.uk,,OJS,oai_dc,2019-09-23T00:00:00+01:00,"{'countryCode': 'GB', 'latitude': None, 'longitude': None}",https://api.core.ac.uk/data-providers/13725/logo,JOURNAL,,,,,,,
lau.collections.crest.ac.uk/cgi/oai2,13809.0,,Leeds Arts University Repository (CREST),,,https://lau.collections.crest.ac.uk,,Eprints 3,oai_dc,2019-09-23T00:00:00+01:00,"{'countryCode': 'GB', 'latitude': 53.808845, 'longitude': -1.551577}",https://api.core.ac.uk/data-providers/13809/logo,REPOSITORY,,No sets,0.0,BadVerbError,0.0,No direct software search capability,No software search item
ojs.lboro.ac.uk/index/oai,13894.0,,Loughborough University Library: Open Journals,,,https://ojs.lboro.ac.uk,,OJS,oai_dc,2019-09-23T00:00:00+01:00,"{'countryCode': 'GB', 'latitude': None, 'longitude': None}",https://api.core.ac.uk/data-providers/13894/logo,JOURNAL,,No,0.0,No error,,,
researchdata.gla.ac.uk/cgi/oai2,14433.0,,Enlighten: Research Data (University of Glasgow),,,http://researchdata.gla.ac.uk,,Eprints 3,oai_dc,2019-09-23T00:00:00+01:00,"{'countryCode': 'GB', 'latitude': None, 'longitude': None}",https://api.core.ac.uk/data-providers/14433/logo,REPOSITORY,,No,0.0,BadVerbError,117.0,Contains software,Search types for ‘software’ and ‘code’
researchdata.essex.ac.uk/cgi/oai2,14455.0,,Research data at Essex (University of Essex),,,http://researchdata.essex.ac.uk,,Eprints 3,oai_dc,2019-09-23T00:00:00+01:00,"{'countryCode': 'GB', 'latitude': 51.877726, 'longitude': 0.947207}",https://api.core.ac.uk/data-providers/14455/logo,REPOSITORY,,No,0.0,No error,,,
ijea.org.uk/index.php/journal/oai,14700.0,,International Journal of e-Assessment (IJEA),,,https://ijea.org.uk,,OJS,oai_dc,2019-09-30T00:00:00+01:00,"{'countryCode': 'GB', 'latitude': None, 'longitude': None}",https://api.core.ac.uk/data-providers/14700/logo,JOURNAL,,,,,,,
rave.repository.guildhe.ac.uk/cgi/oai2,15090.0,,Ravensbourne University Repository,,,https://rave.repository.guildhe.ac.uk,,Eprints,oai_dc,2020-03-10T14:47:03+00:00,"{'countryCode': 'GB', 'latitude': 51.50167279999999, 'longitude': 0.005749600000000001}",https://api.core.ac.uk/data-providers/15090/logo,REPOSITORY,,No,0.0,No error,,,
pure.northampton.ac.uk/ws/oai,15125.0,9580.0,University of Northampton's Research Explorer,,,,,,oai_dc,2020-04-06T00:23:00+01:00,"{'countryCode': 'gb', 'latitude': 52.2384, 'longitude': 8.531}",https://api.core.ac.uk/data-providers/15125/logo,REPOSITORY,,No,0.0,Bad Argument Error,,,
centaur.reading.ac.uk/cgi/oai2,17.0,1731.0,Central Archive at the University of Reading,centaur@reading.ac.uk,,http://centaur.reading.ac.uk,,eprints,rioxx,2011-05-12T14:42:02+01:00,"{'countryCode': 'GB', 'latitude': 51.4392, 'longitude': -0.9197}",https://api.core.ac.uk/data-providers/17/logo,REPOSITORY,,No,0.0,BadVerbError,0.0,No direct software search capability,No software search item
dspace.lib.cranfield.ac.uk/oai/request,23.0,,Cranfield CERES,library@cranfield.ac.uk,,http://dspace.lib.cranfield.ac.uk,,dspace,oai_dc,2011-05-12T19:14:26+01:00,"{'countryCode': 'gb', 'latitude': 52.0739, 'longitude': -0.628753}",https://api.core.ac.uk/data-providers/23/logo,REPOSITORY,,No,0.0,No error,,,
repository.cardiffmet.ac.uk/dspace-oai/rioxx,31.0,1309.0,Cardiff Metropolitan Research Repository (DSpace),dspace@cardiffmet.ac.uk,,https://repository.cardiffmet.ac.uk,,dspace,rioxx,2011-05-13T08:42:50+01:00,"{'countryCode': 'GB', 'latitude': 51.4813, 'longitude': -3.1805}",https://api.core.ac.uk/data-providers/31/logo,REPOSITORY,,,,,,,
research.gold.ac.uk/cgi/oai2,50.0,758.0,Goldsmiths Research Online,a.gray@gold.ac.uk,,http://research.gold.ac.uk,,eprints,rioxx,2011-07-22T14:11:09+01:00,"{'countryCode': 'GB', 'latitude': 51.475, 'longitude': -0.034}",https://api.core.ac.uk/data-providers/50/logo,REPOSITORY,,Yes,0.0,BadVerbError,28.0,Contains software,Software type. OAI has set Type = Software
irep.ntu.ac.uk/cgi/oai2,53.0,1226.0,Nottingham Trent Institutional Repository (IRep),richard.cross@ntu.ac.uk,,http://irep.ntu.ac.uk,,eprints,rioxx,2011-07-22T14:11:31+01:00,"{'countryCode': 'GB', 'latitude': 52.9583, 'longitude': -1.1554}",https://api.core.ac.uk/data-providers/53/logo,REPOSITORY,,No,11.0,No error,,,
eprints.kingston.ac.uk/cgi/oai2,58.0,1221.0,Kingston University Research Repository,eprints@kingston.ac.uk,,http://eprints.kingston.ac.uk,,eprints,rioxx,2011-07-07T16:59:07+01:00,"{'countryCode': 'GB', 'latitude': 51.40631, 'longitude': -0.30782}",https://api.core.ac.uk/data-providers/58/logo,REPOSITORY,,No,0.0,No error,,,
api.figshare.com/v2/oai,63.0,,Leicester Research Archive,openaccess@le.ac.uk,,https://leicester.figshare.com/,,figshare,oai_dc,2011-06-01T10:46:29+01:00,"{'countryCode': 'gb', 'latitude': 52.6225, 'longitude': -1.1233}",https://api.core.ac.uk/data-providers/63/logo,REPOSITORY,,,,,,,
plymsea.ac.uk/cgi/oai2,68.0,514.0,Plymouth Marine Science Electronic Archive (PlyMSEA),barbue@MBA.ac.uk,,http://plymsea.ac.uk,,eprints,oai_dc,2011-05-18T17:48:23+01:00,"{'countryCode': 'GB', 'latitude': 50.36423, 'longitude': -4.13898}",https://api.core.ac.uk/data-providers/68/logo,REPOSITORY,,No,0.0,No error,,,
orca.cardiff.ac.uk/cgi/oai2,83.0,55.0,Online Research @ Cardiff,openaccess@cardiff.ac.uk,,https://orca.cardiff.ac.uk/,,eprints,rioxx,2011-05-27T18:07:53+01:00,"{'countryCode': 'GB', 'latitude': 51.486198, 'longitude': -3.178902}",https://api.core.ac.uk/data-providers/83/logo,REPOSITORY,,No,0.0,No error,,,
eresearch.qmu.ac.uk/dspace-oai/request,91.0,1228.0,Queen Margaret University eResearch,gharvie@qmu.ac.uk,,https://eresearch.qmu.ac.uk/,,dspace,oai_dc,2011-06-24T12:17:49+01:00,"{'countryCode': 'GB', 'latitude': 55.931742, 'longitude': -3.076927}",https://api.core.ac.uk/data-providers/91/logo,REPOSITORY,,No,0.0,No error,,,
shura.shu.ac.uk/cgi/oai2,102.0,942.0,Sheffield Hallam University Research Archive,shura@shu.ac.uk,,http://shura.shu.ac.uk,,eprints,rioxx,2011-05-15T13:22:57+01:00,"{'countryCode': 'GB', 'latitude': 53.38008, 'longitude': -1.46535}",https://api.core.ac.uk/data-providers/102/logo,REPOSITORY,,No,0.0,No error,,,
eprints.worc.ac.uk/cgi/oai2,133.0,1177.0,University of Worcester Research and Publications,r.fairman@worc.ac.uk,,http://eprints.worc.ac.uk,,eprints,rioxx,2011-07-05T11:46:41+01:00,"{'countryCode': 'GB', 'latitude': 52.19739, 'longitude': -2.24308}",https://api.core.ac.uk/data-providers/133/logo,REPOSITORY,,No,0.0,No error,,,
wlv.openrepository.com/wlv-oai/request,141.0,589.0,Wolverhampton Intellectual Repository and E-theses,wire@wlv.ac.uk,,http://wlv.openrepository.com,,dspace,oai_dc,2011-05-27T18:45:03+01:00,"{'countryCode': 'GB', 'latitude': 52.5837, 'longitude': -2.1174}",https://api.core.ac.uk/data-providers/141/logo,REPOSITORY,,No,0.0,No error,,,
www.edshare.soton.ac.uk/cgi/oai2,167.0,1636.0,EdShare,,,http://www.edshare.soton.ac.uk,,eprints,oai_dc,2012-06-08T17:03:41+01:00,"{'countryCode': 'GB', 'latitude': 50.9342, 'longitude': -1.3957}",https://api.core.ac.uk/data-providers/167/logo,REPOSITORY,,No sets,0.0,BadVerbError,0.0,No direct software search capability,"No software search item. Does include software license search, which gives 7 results- none research software."
pure.manchester.ac.uk/ws/oai,234.0,3818.0,The University of Manchester - Institutional Repository,p.butler@manchester.ac.uk,,https://pure.manchester.ac.uk,,PURE,oai_dc,2012-08-20T16:06:54+01:00,"{'countryCode': 'GB', 'latitude': 53.46794, 'longitude': -2.23322}",https://api.core.ac.uk/data-providers/234/logo,REPOSITORY,,No,0.0,Bad Argument Error,,,
eprint.ncl.ac.uk/oai/,252.0,225.0,Newcastle University E-Prints,openaccess@ncl.ac.uk,,https://eprint.ncl.ac.uk/,,eprints,oai_dc,2012-10-09T18:05:04+01:00,"{'countryCode': 'GB', 'latitude': 54.9792, 'longitude': -1.6147}",https://api.core.ac.uk/data-providers/252/logo,REPOSITORY,,No sets,0.0,BadVerbError,0.0,No direct software search capability,No software search item
pure.qub.ac.uk/ws/oai,289.0,,Queen's University Research Portal,openaccess@qub.ac.uk,,http://pure.qub.ac.uk,,,oai_dc,2013-05-09T16:15:53+01:00,"{'countryCode': 'gb', 'latitude': 54, 'longitude': 5}",https://api.core.ac.uk/data-providers/289/logo,REPOSITORY,,No sets,0.0,BadVerbError,39.0,Contains software,Software type
ore.exeter.ac.uk/oai/request,504.0,956.0,Open Research Exeter,openaccess@exeter.ac.uk,,https://ore.exeter.ac.uk,,,oai_dc,2013-08-06T15:50:15+01:00,"{'countryCode': 'GB', 'latitude': 50.736, 'longitude': -3.5357}",https://api.core.ac.uk/data-providers/504/logo,REPOSITORY,,No,0.0,No error,,,
www.ros.hw.ac.uk/dspace-oai/request,632.0,,ROS: The Research Output Service. Heriot-Watt University Edinburgh ,ros@hw.ac.uk,,http://www.ros.hw.ac.uk,,,oai_dc,2014-07-04T14:34:10+01:00,"{'countryCode': 'GB', 'latitude': 55.953252, 'longitude': -3.188266}",https://api.core.ac.uk/data-providers/632/logo,REPOSITORY,,No,0.0,No error,,,
eprints.glos.ac.uk/cgi/oai2,680.0,3160.0,University of Gloucestershire Research Repository ,eprints@glos.ac.uk,,http://eprints.glos.ac.uk,,,rioxx,2015-06-30T12:40:25+01:00,"{'countryCode': 'GB', 'latitude': 51.886822, 'longitude': -2.089033}",https://api.core.ac.uk/data-providers/680/logo,REPOSITORY,,Yes,0.0,BadVerbError,4.0,Contains software,Software type
researchspace.bathspa.ac.uk/cgi/oai2,686.0,2694.0,ResearchSPace - Bath Spa University,researchspace@bathspa.ac.uk,,http://researchspace.bathspa.ac.uk,,Eprints,rioxx,2015-08-18T11:27:56+01:00,"{'countryCode': 'GB', 'latitude': 51.375899, 'longitude': -2.43866}",https://api.core.ac.uk/data-providers/686/logo,REPOSITORY,,No,0.0,No error,,,
researchonline.rcm.ac.uk/cgi/oai2,716.0,,Royal College of Music Research Online ,emma.hewett@rcm.ac.uk,,http://researchonline.rcm.ac.uk,,,rioxx,2016-04-22T11:03:10+01:00,"{'countryCode': 'GB', 'latitude': 51.50735, 'longitude': -0.127758}",https://api.core.ac.uk/data-providers/716/logo,REPOSITORY,,No,0.0,BadVerbError,0.0,No direct software search capability,No software search item
nhm.openrepository.com/nhm-oai/request,1024.0,3592.0,Natural History Museum Repository,repository@nhm.ac.uk,,http://nhm.openrepository.com,,,oai_dc,2016-07-06T15:16:46+01:00,"{'countryCode': 'GB', 'latitude': 47.37, 'longitude': 50.7185}",https://api.core.ac.uk/data-providers/1024/logo,REPOSITORY,,No,0.0,No error,,,
researchdata.reading.ac.uk/cgi/oai2,2298.0,3757.0,University of Reading Research Data Archive,,,https://researchdata.reading.ac.uk,,,oai_dc,2016-11-08T12:29:03+00:00,"{'countryCode': 'GB', 'latitude': 51.4392, 'longitude': -0.9197}",https://api.core.ac.uk/data-providers/2298/logo,REPOSITORY,,No,0.0,No error,,,
www.open-access.bcu.ac.uk/cgi/oai2,2583.0,4167.0,BCU Open Access,Gemma.Tonks@bcu.ac.uk,,https://www.open-access.bcu.ac.uk/,,,oai_dc,2017-04-10T00:05:46+01:00,"{'countryCode': 'GB', 'latitude': None, 'longitude': None}",https://api.core.ac.uk/data-providers/2583/logo,REPOSITORY,,No,0.0,No error,,,
www.jelit.org/perl/oai2,3002.0,,International Journal of eLiteracy,,,http://www.jelit.org,,,oai_dc,2017-08-31T00:00:00+01:00,"{'countryCode': 'gb', 'latitude': None, 'longitude': None}",https://api.core.ac.uk/data-providers/3002/logo,JOURNAL,,,,,,,
nottingham-repository.worktribe.com/oaiprovider,4787.0,,Repository@Nottingham,Jonathan.Green@nottingham.ac.uk,,https://nottingham-repository.worktribe.com/,,worktribe,rioxx,2018-10-10T12:22:57+01:00,"{'countryCode': 'GB', 'latitude': 52.940311, 'longitude': -1.190695}",https://api.core.ac.uk/data-providers/4787/logo,REPOSITORY,,No,0.0,404 error,,,
pure-oai.bham.ac.uk/ws/oai,4836.0,,University of Birmingham Research Portal,P.S.Herterich@bham.ac.uk,,https://research.birmingham.ac.uk/portal/en/,,Pure,oai_dc,2019-01-08T16:59:04+00:00,"{'countryCode': 'GB', 'latitude': 52.44899, 'longitude': -1.93085}",https://api.core.ac.uk/data-providers/4836/logo,REPOSITORY,,No,0.0,Bad Argument Error,,,
cris.brighton.ac.uk/ws/oai,4837.0,,University of Brighton Research Portal,eprints@brighton.ac.uk,,https://research.brighton.ac.uk/,,Pure,oai_dc,2019-01-10T14:15:29+00:00,"{'countryCode': 'GB', 'latitude': 50.842309, 'longitude': -0.119548}",https://api.core.ac.uk/data-providers/4837/logo,REPOSITORY,,No,0.0,Bad Argument Error,,,
dspace.man.ac.uk:8080/dspace-oai/request,5407.0,687.0,DSpace at Manchester,,,,,,oai_dc,2019-04-18T11:14:25+01:00,"{'countryCode': 'gb', 'latitude': 53.4679, 'longitude': -2.23322}",https://api.core.ac.uk/data-providers/5407/logo,REPOSITORY,,,,,,,
theses.gla.ac.uk/perl/oai2,7745.0,,Enlighten: Theses,,,http://theses.gla.ac.uk,,eprints,oai_dc,2019-06-26T07:26:03+01:00,"{'countryCode': 'GB', 'latitude': 55.8724105, 'longitude': -4.2900002}",https://api.core.ac.uk/data-providers/7745/logo,REPOSITORY,,No sets,0.0,BadVerbError,,,
journals.kent.ac.uk/index.php/index/oai,11963.0,,University of Kent Open Access Journals,,,https://journals.kent.ac.uk,,OJS,oai_dc,2019-09-23T00:00:00+01:00,"{'countryCode': 'GB', 'latitude': None, 'longitude': None}",https://api.core.ac.uk/data-providers/11963/logo,JOURNAL,,No,0.0,No error,,,
journals.gold.ac.uk/index/oai,12375.0,,"Goldsmiths, University of London: Journals Online",,,http://journals.gold.ac.uk,,OJS,oai_dc,2019-09-23T00:00:00+01:00,"{'countryCode': 'GB', 'latitude': None, 'longitude': None}",https://api.core.ac.uk/data-providers/12375/logo,JOURNAL,,No sets,0.0,BadVerbError,0.0,Not a standard research output repo,Goldsmiths UoL Journal repo
journals.canisius.edu/index.php/CSPANY/oai,13007.0,,Canisius College Open Journal Systems,,,https://journals.canisius.edu,,OJS,oai_dc,2019-09-23T00:00:00+01:00,"{'countryCode': 'GB', 'latitude': None, 'longitude': None}",https://api.core.ac.uk/data-providers/13007/logo,JOURNAL,,,,,,,
rdmc.nottingham.ac.uk/oai/openaire,13343.0,,Nottingham Research Data Management Repository (University of Nottingham),,,https://rdmc.nottingham.ac.uk,,DSpace XOAI,oai_dc,2019-09-23T00:00:00+01:00,"{'countryCode': 'GB', 'latitude': 52.938636, 'longitude': -1.195158}",https://api.core.ac.uk/data-providers/13343/logo,REPOSITORY,,No,0.0,No error,,,
eprints.ncrm.ac.uk/cgi/oai2,13448.0,,National Centre for Research Methods: NCRM EPrints Repository,,,http://eprints.ncrm.ac.uk,,Eprints 3,oai_dc,2019-09-23T00:00:00+01:00,"{'countryCode': 'GB', 'latitude': None, 'longitude': None}",https://api.core.ac.uk/data-providers/13448/logo,REPOSITORY,,No,0.0,BadVerbError,,,
journals.northampton.ac.uk/index.php/index/oai,14448.0,,The University of Northampton: Northampton Open Journals,,,http://journals.northampton.ac.uk,,OJS,oai_dc,2019-09-23T00:00:00+01:00,"{'countryCode': 'GB', 'latitude': 52.272806, 'longitude': -0.885171}",https://api.core.ac.uk/data-providers/14448/logo,JOURNAL,,No sets,0.0,URL error,,,
edshare.gcu.ac.uk/cgi/oai2,14456.0,,edShare@GCU (Glasgow Caledonian University),librarysystems@gcu.ac.uk,,https://edshare.gcu.ac.uk,,Eprints 3,oai_dc,2019-09-23T00:00:00+01:00,"{'countryCode': 'GB', 'latitude': 55.86607, 'longitude': -4.250826}",https://api.core.ac.uk/data-providers/14456/logo,REPOSITORY,,No sets,0.0,No error,,,
lau.repository.guildhe.ac.uk/cgi/oai2,14872.0,7788.0,Leeds Arts University Repository,,,https://lau.repository.guildhe.ac.uk,,Eprints 3,oai_dc,2019-11-25T15:28:36+00:00,"{'countryCode': 'gb', 'latitude': 53.8084, 'longitude': -1.5517}",https://api.core.ac.uk/data-providers/14872/logo,REPOSITORY,,No,0.0,No error,,,
amber.openrepository.com/oai/request?verb=Identify,15455.0,,Ambulance Research Repository,,,http://amber.openrepository.com/oai/rioxx,,,oai_dc,2020-08-29T18:21:20+01:00,"{'countryCode': 'GB', 'latitude': 52.3555177, 'longitude': -1.1743197}",https://api.core.ac.uk/data-providers/15455/logo,REPOSITORY,,,,,,,
eprints.chi.ac.uk/cgi/oai2,,,,,,,,,,,,,,,No,,,,,
cedadocs.ceda.ac.uk/cgi/oai2,,,,,,,,,,,,,,,No,,,,,
napier-repository.worktribe.com,,,,,,,,,,,,,,,No,,,,,
eprints.ncl.ac.uk/oai,,,,,,,,,,,,,,,No,,,,,
www.performancephilosophy.org/index/oai,,,,,,,,,,,,,,,No,,,,,
edshare.soton.ac.uk/cgi/oai2,,,,,,,,,,,,,,,No,,,,,
journals.gold.ac.uk/index.php/index/oai,,,,,,,,,,,,,,,No,,,,,
datacompass.lshtm.ac.uk/cgi/oai2,,,,,,,,,,,,,,,No,,,,,
pure.hw.ac.uk/ws/oai,,,,,,,,,,,,,,,No,,,,,
dora.dmu.ac.uk/oai/request,,,,,,,,,,,,,,,No,,,,,
pureadmin.qub.ac.uk/ws/oai,,,,,,,,,,,,,,,No,,,,,
uobrep.openrepository.com/oai/request,,,,,,,,,,,,,,,No,,,,,
amber.openrepository.com/oai/request,,,,,,,,,,,,,,,No,,,,,
oai.ukdataservice.ac.uk:8443/oai/provider,,,,,,,,,,,,,,,No,,,,,
